date,intensite_max_mm_h,source,pluie_mm
1980-01-21,16.54386355408553,reconstitué,0.5
1980-01-22,17.45867676546421,reconstitué,1.8
1980-02-01,18.680652033214464,reconstitué,4.0
1980-02-02,157.74504500256683,reconstitué,1191.8
1980-03-13,16.81724519809571,reconstitué,5.8
1980-03-30,14.619415476047092,reconstitué,0.4
1980-04-09,12.443582596368621,reconstitué,2.9
1980-04-26,13.100477531278697,reconstitué,5.8
1980-05-10,11.699794541178786,reconstitué,35.8
1980-05-12,9.312369439456365,reconstitué,3.6
1980-05-13,8.584410162836145,reconstitué,0.9
1980-05-14,9.693814657969313,reconstitué,6.0
1980-05-15,8.451972308028722,reconstitué,0.6
1980-05-18,11.783955992699884,reconstitué,37.7
1980-05-19,10.012731743013363,reconstitué,8.7
1980-05-28,11.562558021418363,reconstitué,32.8
1980-05-31,8.624438659397011,reconstitué,1.0
1980-06-09,8.599546105128631,reconstitué,27.8
1980-06-10,9.248259416612088,reconstitué,46.5
1980-06-13,6.326958645816165,reconstitué,0.5
1980-06-14,8.194940178677232,reconstitué,18.6
1980-06-18,8.460308659807492,reconstitué,24.4
1980-06-19,6.146660746688025,reconstitué,0.1
1980-06-21,7.146574847549578,reconstitué,4.4
1980-06-27,6.326958645816165,reconstitué,0.5
1980-06-30,6.365216192225293,reconstitué,0.6
1980-07-07,5.3515500228389765,reconstitué,0.7
1980-07-10,5.461436278332945,reconstitué,1.1
1980-07-12,6.044728478014113,reconstitué,4.9
1980-07-13,7.001160567676623,reconstitué,21.3
1980-07-15,6.236390471768921,reconstitué,7.0
1980-07-19,6.91183196286279,reconstitué,19.1
1980-07-20,5.485990175019192,reconstitué,1.2
1980-07-22,5.615535679008593,reconstitué,1.8
1980-07-25,6.886418018832193,reconstitué,18.5
1980-07-28,6.291336324362534,reconstitué,7.7
1980-07-30,5.215669002090565,reconstitué,0.3
1980-07-31,5.785571978999265,reconstitué,2.8
1980-08-06,5.603004289580888,reconstitué,2.3
1980-08-07,5.336861482729342,reconstitué,1.0
1980-08-08,6.4142806204205325,reconstitué,11.3
1980-08-09,5.5326929330570245,reconstitué,1.9
1980-08-10,5.849825721603846,reconstitué,4.1
1980-08-12,5.995211947197239,reconstitué,5.5
1980-08-13,5.03863685069204,reconstitué,0.1
1980-08-14,5.120088098367495,reconstitué,0.3
1980-08-15,7.562799372749582,reconstitué,42.9
1980-08-18,5.1909812219121365,reconstitué,0.5
1980-08-20,6.700350304175187,reconstitué,17.0
1980-08-24,6.396819482179817,reconstitué,11.0
1980-08-25,5.82643373938388,reconstitué,3.9
1980-08-26,5.336861482729342,reconstitué,1.0
1980-08-28,6.408494972511554,reconstitué,11.2
1980-08-30,6.366995870523792,reconstitué,10.5
1980-09-06,8.37977044464164,reconstitué,32.7
1980-09-08,8.545357702997816,reconstitué,37.6
1980-09-09,6.244744459423832,reconstitué,1.2
1980-09-12,8.458842343363044,reconstitué,35.0
1980-09-13,6.0232233048877974,reconstitué,0.5
1980-09-15,6.880338592085158,reconstitué,5.0
1980-09-16,7.286261274861774,reconstitué,9.5
1980-09-18,8.043552279827049,reconstitué,23.8
1980-09-19,7.492989793442989,reconstitué,12.6
1980-09-20,6.059894904185256,reconstitué,0.6
1980-09-21,6.059894904185256,reconstitué,0.6
1980-09-22,6.217318160250564,reconstitué,1.1
1980-09-24,7.248814373501732,reconstitué,9.0
1980-09-25,6.158815775491867,reconstitué,0.9
1980-09-30,8.744668251655604,reconstitué,43.9
1980-10-06,8.999942050587132,reconstitué,5.3
1980-10-07,9.353779067716996,reconstitué,8.3
1980-10-08,11.266552914656014,reconstitué,42.7
1980-10-09,9.343548748103613,reconstitué,8.2
1980-10-12,7.77286406590458,reconstitué,0.3
1980-10-13,9.953415787694363,reconstitué,15.7
1980-10-19,10.390557840382568,reconstitué,23.1
1980-10-20,9.611392927845241,reconstitué,11.1
1980-10-24,8.802283283425153,reconstitué,4.0
1980-10-26,10.219409745004926,reconstitué,20.0
1980-10-27,8.677407105784072,reconstitué,3.3
1980-10-30,8.390588870678968,reconstitué,2.0
1980-11-13,12.342162402651523,reconstitué,6.0
1980-11-21,13.216882379955821,reconstitué,12.9
1980-11-30,12.57554489157725,reconstitué,7.5
1981-02-01,18.680652033214464,reconstitué,4.0
1981-02-02,170.41689263509602,reconstitué,1244.4
1981-03-12,17.481198001094192,reconstitué,9.2
1981-03-28,14.52660995331658,reconstitué,0.3
1981-04-08,12.775730539543828,reconstitué,4.2
1981-04-10,13.92055429181152,reconstitué,11.6
1981-04-24,11.124145689032677,reconstitué,0.1
1981-04-28,13.4732050469174,reconstitué,8.1
1981-04-30,11.361126230403338,reconstitué,0.4
1981-05-06,9.053598781359355,reconstitué,2.4
1981-05-07,9.233244209993172,reconstitué,3.2
1981-05-09,10.875171206770133,reconstitué,19.8
1981-05-15,8.451972308028722,reconstitué,0.6
1981-05-16,11.364673141081102,reconstitué,28.7
1981-05-25,8.976753344351753,reconstitué,2.1
1981-05-27,11.866236541543147,reconstitué,39.6
1981-06-15,8.975196938226912,reconstitué,38.1
1981-06-16,7.6213525362559595,reconstitué,9.2
1981-06-18,7.613482402811207,reconstitué,9.1
1981-06-19,6.75306374056903,reconstitué,2.0
1981-06-20,6.2430574085379975,reconstitué,0.3
1981-06-26,9.540643791887891,reconstitué,56.2
1981-06-27,7.196995067115878,reconstitué,4.8
1981-06-28,7.432494008286309,reconstitué,7.0
1981-06-30,8.19989958549938,reconstitué,18.7
1981-07-08,6.558946385088587,reconstitué,11.8
1981-07-09,6.186201188847819,reconstitué,6.4
1981-07-10,5.739067694070457,reconstitué,2.5
1981-07-14,6.860500983767292,reconstitué,17.9
1981-07-16,6.328516074364943,reconstitué,8.2
1981-07-20,6.630416956576137,reconstitué,13.1
1981-07-22,5.175858477225356,reconstitué,0.2
1981-07-25,7.79459940578826,reconstitué,46.5
1981-07-27,7.261520433493171,reconstitué,28.5
1981-07-28,5.485990175019192,reconstitué,1.2
1981-07-31,5.381015156602162,reconstitué,0.8
1981-08-06,7.482564240738004,reconstitué,40.0
1981-08-07,7.1541775786866415,reconstitué,29.1
1981-08-08,5.36207610992237,reconstitué,1.1
1981-08-09,6.257788107140239,reconstitué,8.8
1981-08-10,7.332009715470515,reconstitué,34.8
1981-08-14,6.075696011732553,reconstitué,6.4
1981-08-18,6.402674779517439,reconstitué,11.1
1981-08-19,6.486582448902639,reconstitué,12.6
1981-08-20,5.619426351500294,reconstitué,2.4
1981-08-21,7.150909218623961,reconstitué,29.0
1981-08-22,5.751111564733817,reconstitué,3.3
1981-08-26,6.673448256041561,reconstitué,16.4
1981-08-27,5.751111564733817,reconstitué,3.3
1981-08-30,6.125113513367166,reconstitué,7.0
1981-08-31,7.160697056832816,reconstitué,29.3
1981-09-07,7.1694345028962365,reconstitué,8.0
1981-09-09,7.603442561112048,reconstitué,14.5
1981-09-10,7.271447091339011,reconstitué,9.3
1981-09-13,6.643444806757103,reconstitué,3.2
1981-09-16,8.532229462130562,reconstitué,37.2
1981-09-18,8.043552279827049,reconstitué,23.8
1981-09-20,6.845373734284225,reconstitué,4.7
1981-09-21,6.12748908861186,reconstitué,0.8
1981-09-22,6.833383065241891,reconstitué,4.6
1981-09-24,6.595909411732854,reconstitué,2.9
1981-09-25,7.745518465058225,reconstitué,17.2
1981-09-26,6.094577018316226,reconstitué,0.7
1981-09-28,6.094577018316226,reconstitué,0.7
1981-09-30,6.716642129287583,reconstitué,3.7
1981-10-08,7.8253011553869545,reconstitué,0.4
1981-10-13,8.851364771805354,reconstitué,4.3
1981-10-14,7.656107458422785,reconstitué,0.1
1981-10-18,9.027313747546003,reconstitué,5.5
1981-10-19,10.112779428937891,reconstitué,18.2
1981-10-27,8.835266494400047,reconstitué,4.2
1981-10-28,10.539261538220659,reconstitué,26.0
1982-02-01,18.680652033214464,reconstitué,4.0
1982-02-02,127.67040599091034,reconstitué,1048.5
1982-02-24,17.4467015656587,reconstitué,1.3
1982-02-25,19.506320809286457,reconstitué,7.0
1982-02-26,23.09919980039308,reconstitué,36.2
1982-03-18,14.866037874672994,reconstitué,0.7
1982-03-26,18.856616688516837,reconstitué,20.0
1982-03-27,16.770562301690614,reconstitué,5.6
1982-04-15,12.15289442983251,reconstitué,2.0
1982-04-20,14.770342484001707,reconstitué,20.7
1982-04-21,11.822075047315424,reconstitué,1.2
1982-04-30,14.916787117854062,reconstitué,22.6
1982-05-08,8.451972308028722,reconstitué,0.6
1982-05-12,9.948476144192043,reconstitué,8.1
1982-05-18,8.235668258497244,reconstitué,0.2
1982-05-21,10.354246045873762,reconstitué,12.4
1982-05-22,9.759417939308127,reconstitué,6.5
1982-05-26,8.624438659397011,reconstitué,1.0
1982-06-06,7.6970369296070675,reconstitué,10.2
1982-06-10,6.558059988888852,reconstitué,1.2
1982-06-14,6.326958645816165,reconstitué,0.5
1982-06-16,7.891649161011332,reconstitué,13.1
1982-06-22,6.2430574085379975,reconstitué,0.3
1982-06-24,7.644619579031038,reconstitué,9.5
1982-06-25,7.704324868541287,reconstitué,10.3
1982-06-30,6.286350550504439,reconstitué,0.4
1982-07-12,5.895844722914402,reconstitué,3.6
1982-07-13,6.864856752122639,reconstitué,18.0
1982-07-14,5.215669002090565,reconstitué,0.3
1982-07-15,5.956803353672751,reconstitué,4.1
1982-07-16,6.608942291300916,reconstitué,12.7
1982-07-18,6.570268321229751,reconstitué,12.0
1982-07-20,5.554174489640071,reconstitué,1.5
1982-07-21,7.066572630744299,reconstitué,23.0
1982-07-22,5.485990175019192,reconstitué,1.2
1982-07-24,5.554174489640071,reconstitué,1.5
1982-07-25,5.829043318949681,reconstitué,3.1
1982-07-26,5.215669002090565,reconstitué,0.3
1982-07-27,5.252821246694718,reconstitué,0.4
1982-07-30,5.175858477225356,reconstitué,0.2
1982-07-31,6.592543899614008,reconstitué,12.4
1982-08-08,6.826836884202075,reconstitué,20.0
1982-08-09,5.282891656921995,reconstitué,0.8
1982-08-14,6.067153447796333,reconstitué,6.3
1982-08-18,5.120088098367495,reconstitué,0.3
1982-08-19,6.396819482179817,reconstitué,11.0
1982-08-21,6.93136610938244,reconstitué,22.7
1982-08-22,5.6510623544840595,reconstitué,2.6
1982-08-24,6.38500126842986,reconstitué,10.8
1982-08-25,6.862542669880809,reconstitué,20.9
1982-09-06,7.480746788904603,reconstitué,12.4
1982-09-08,8.407566093572216,reconstitué,33.5
1982-09-09,6.217318160250564,reconstitué,1.1
1982-09-10,7.449559697598087,reconstitué,11.9
1982-09-12,7.760421421280147,reconstitué,17.5
1982-09-14,7.523050371269652,reconstitué,13.1
1982-09-15,6.688188726779565,reconstitué,3.5
1982-09-16,7.474576582101291,reconstitué,12.3
1982-09-19,6.344513869897063,reconstitué,1.6
1982-09-20,7.3434915119879065,reconstitué,10.3
1982-09-21,6.094577018316226,reconstitué,0.7
1982-09-22,5.984298597495971,reconstitué,0.4
1982-09-24,7.1527535491325125,reconstitué,7.8
1982-09-26,7.322394332784422,reconstitué,10.0
1982-09-28,7.329473569789968,reconstitué,10.1
1982-10-06,8.638587369624943,reconstitué,3.1
1982-10-08,8.187693277957688,reconstitué,1.3
1982-10-09,8.44093913038491,reconstitué,2.2
1982-10-10,8.44093913038491,reconstitué,2.2
1982-10-12,8.219739189084503,reconstitué,1.4
1982-10-13,7.964648043423525,reconstitué,0.7
1982-10-14,9.777137775865132,reconstitué,13.2
1982-10-16,10.325977555446194,reconstitué,21.9
1982-10-21,8.006235459532906,reconstitué,0.8
1982-10-25,8.390588870678968,reconstitué,2.0
1982-10-31,7.77286406590458,reconstitué,0.3
1982-11-07,12.1821731391452,reconstitué,5.1
1983-02-01,18.680652033214464,reconstitué,4.0
1983-02-02,119.90294894659192,reconstitué,1006.2
1983-04-07,16.44923326640578,reconstitué,47.7
1983-04-08,11.556301946507098,reconstitué,0.7
1983-05-07,8.94970709150345,reconstitué,2.0
1983-05-13,9.595341325826396,reconstitué,5.3
1983-05-14,9.191264672856338,reconstitué,3.0
1983-05-15,11.539110461850381,reconstitué,32.3
1983-05-19,9.693814657969313,reconstitué,6.0
1983-05-21,10.941646482158326,reconstitué,20.9
1983-05-22,8.295202783487998,reconstitué,0.3
1983-05-26,12.155864434636946,reconstitué,46.6
1983-05-28,9.1696025774309,reconstitué,2.9
1983-06-07,8.654241339313488,reconstitué,29.2
1983-06-08,6.585548956915755,reconstitué,1.3
1983-06-14,9.210572130303927,reconstitué,45.3
1983-06-16,7.940244485773478,reconstitué,13.9
1983-06-19,7.184664849267697,reconstitué,4.7
1983-06-22,7.03565942646459,reconstitué,3.6
1983-06-24,6.40139821363564,reconstitué,0.7
1983-06-25,8.489794237913635,reconstitué,25.1
1983-06-26,7.866624946664459,reconstitué,12.7
1983-07-08,7.248062019292904,reconstitué,28.1
1983-07-09,7.251435914332031,reconstitué,28.2
1983-07-10,6.847343892897582,reconstitué,17.6
1983-07-12,6.236390471768921,reconstitué,7.0
1983-07-13,6.291336324362534,reconstitué,7.7
1983-07-14,5.671419435211145,reconstitué,2.1
1983-07-20,8.040499060989681,reconstitué,56.0
1983-07-24,6.469663598930217,reconstitué,10.3
1983-08-08,5.76425506870688,reconstitué,3.4
1983-08-10,5.386252431220608,reconstitué,1.2
1983-08-14,6.946232490210587,reconstitué,23.1
1983-08-18,6.881992033570855,reconstitué,21.4
1983-08-19,6.0409532033713225,reconstitué,6.0
1983-08-27,5.336861482729342,reconstitué,1.0
1983-09-06,6.595909411732854,reconstitué,2.9
1983-09-09,6.45186589641965,reconstitué,2.1
1983-09-10,7.832692747843913,reconstitué,19.0
1983-09-12,6.059894904185256,reconstitué,0.6
1983-09-13,8.40410923903956,reconstitué,33.4
1983-09-20,7.391160158170912,reconstitué,11.0
1983-09-21,6.868845963690813,reconstitué,4.9
1983-09-24,8.545357702997816,reconstitué,37.6
1983-09-25,7.1776679427339225,reconstitué,8.1
1983-09-26,5.984298597495971,reconstitué,0.4
1983-09-30,8.519037306698928,reconstitué,36.8
1983-10-09,8.511594776221918,reconstitué,2.5
1983-10-10,9.013714553488724,reconstitué,5.4
1983-12-31,14.886343577853316,reconstitué,1.9
1984-02-01,18.680652033214464,reconstitué,4.0
1984-02-02,152.51788928184865,reconstitué,1168.9
1984-03-13,15.873686994931948,reconstitué,2.6
1984-03-14,15.476039156438539,reconstitué,1.7
1984-03-18,17.46432715700379,reconstitué,9.1
1984-03-22,16.907396290603305,reconstitué,6.2
1984-03-24,14.866037874672994,reconstitué,0.7
1984-03-31,19.51832617565438,reconstitué,27.1
1984-04-14,14.378989695705423,reconstitué,16.1
1984-04-20,13.729348330500121,reconstitué,10.0
1984-04-22,15.077875022658432,reconstitué,24.8
1984-04-26,11.722909777067555,reconstitué,1.0
1984-05-06,8.17149445577399,reconstitué,0.1
1984-05-09,9.903806118821102,reconstitué,7.7
1984-05-12,9.892390842322207,reconstitué,7.6
1984-05-20,9.07791772164335,reconstitué,2.5
1984-05-22,9.74658210899206,reconstitué,6.4
1984-05-24,8.624438659397011,reconstitué,1.0
1984-05-28,8.624438659397011,reconstitué,1.0
1984-05-30,10.674992767790528,reconstitué,16.7
1984-05-31,10.800104392669457,reconstitué,18.6
1984-06-10,7.172155616342167,reconstitué,4.6
1984-06-13,7.505338006617634,reconstitué,7.8
1984-06-14,7.460449767367322,reconstitué,7.3
1984-06-15,6.6375144941069975,reconstitué,1.5
1984-06-18,8.75607610325528,reconstitué,31.9
1984-06-19,8.139285864507642,reconstitué,17.5
1984-06-20,6.2430574085379975,reconstitué,0.3
1984-06-24,6.6375144941069975,reconstitué,1.5
1984-06-26,6.435733641620175,reconstitué,0.8
1984-06-27,7.5732221029091,reconstitué,8.6
1984-06-28,7.289845840150854,reconstitué,5.6
1984-06-30,7.469592629039029,reconstitué,7.4
1984-07-07,5.933046045535164,reconstitué,3.9
1984-07-12,5.381015156602162,reconstitué,0.8
1984-07-13,6.203277412688276,reconstitué,6.6
1984-07-15,7.657490640985854,reconstitué,41.5
1984-07-20,6.924359540199883,reconstitué,19.4
1984-07-21,5.920862686744198,reconstitué,3.8
1984-07-22,6.731868621659871,reconstitué,15.1
1984-07-27,6.961265425496615,reconstitué,20.3
1984-07-28,5.856547521556834,reconstitué,3.3
1984-08-06,6.237058383834672,reconstitué,8.5
1984-08-08,7.513278911670482,reconstitué,41.1
1984-08-10,6.0841472972160275,reconstitué,6.5
1984-08-14,6.058517167648782,reconstitué,6.2
1984-08-15,5.915707981837023,reconstitué,4.7
1984-08-19,7.144355060578761,reconstitué,28.8
1984-08-24,5.253879620663272,reconstitué,0.7
1984-08-25,6.486582448902639,reconstitué,12.6
1984-08-26,5.474199306885398,reconstitué,1.6
1984-08-27,6.743915608736862,reconstitué,18.0
1984-08-28,5.1909812219121365,reconstitué,0.5
1984-08-30,6.310810478497325,reconstitué,9.6
1984-08-31,5.409479488051546,reconstitué,1.3
1984-09-06,6.217318160250564,reconstitué,1.1
1984-09-08,8.124235391602026,reconstitué,25.8
1984-09-09,6.217318160250564,reconstitué,1.1
1984-09-10,6.62792918476471,reconstitué,3.1
1984-09-12,7.064622946625162,reconstitué,6.8
1984-09-15,6.320905218573884,reconstitué,1.5
1984-09-16,6.1887139776535705,reconstitué,1.0
1984-09-18,7.725396551629219,reconstitué,16.8
1984-09-19,7.668477729747191,reconstitué,15.7
1984-09-21,6.389444658922317,reconstitué,1.8
1984-09-24,8.283409107952064,reconstitué,30.0
1984-09-25,7.100879386487585,reconstitué,7.2
1984-09-26,6.1887139776535705,reconstitué,1.0
1984-09-28,6.78358004711347,reconstitué,4.2
1984-10-07,8.768182242197417,reconstitué,3.8
1984-10-08,7.920824014762859,reconstitué,0.6
1984-10-10,8.61857225895556,reconstitué,3.0
1984-10-12,9.652620366149387,reconstitué,11.6
1984-10-14,9.202013435189297,reconstitué,6.9
1984-10-15,9.912845000343653,reconstitué,15.1
1984-10-16,7.920824014762859,reconstitué,0.6
1984-10-18,10.478896531663736,reconstitué,24.8
1984-10-22,8.555861028623154,reconstitué,2.7
1984-10-25,11.019810143345877,reconstitué,36.6
1984-10-28,9.19038994611832,reconstitué,6.8
1984-10-30,8.638587369624943,reconstitué,3.1
1985-02-01,18.680652033214464,reconstitué,4.0
1985-02-02,176.392350208628,reconstitué,1267.9
1985-03-20,18.00697721751093,reconstitué,12.7
1985-03-26,17.136278115467224,reconstitué,7.3
1985-04-20,11.430016930712805,reconstitué,0.5
1985-04-22,12.039053868701306,reconstitué,1.7
1985-05-06,12.23140344899224,reconstitué,48.5
1985-05-13,8.542469173499805,reconstitué,0.8
1985-05-15,10.234305116956758,reconstitué,11.0
1985-05-25,10.480877486311527,reconstitué,14.0
1985-05-31,9.809444095743611,reconstitué,6.9
1985-06-06,8.043365857929352,reconstitué,15.7
1985-06-16,7.209152188872503,reconstitué,4.9
1985-06-18,7.922239086399571,reconstitué,13.6
1985-06-26,8.75607610325528,reconstitué,31.9
1985-06-27,9.068794633947187,reconstitué,40.9
1985-06-30,7.0206820169224065,reconstitué,3.5
1985-07-06,5.739067694070457,reconstitué,2.5
1985-07-07,8.055516121933776,reconstitué,56.6
1985-07-08,6.961265425496615,reconstitué,20.3
1985-07-09,6.558946385088587,reconstitué,11.8
1985-07-12,5.320500224911354,reconstitué,0.6
1985-07-13,5.991027393133076,reconstitué,4.4
1985-07-16,7.353139371304143,reconstitué,31.3
1985-07-18,6.79328887062035,reconstitué,16.4
1985-07-20,7.498294656176426,reconstitué,36.0
1985-07-22,5.132945683860397,reconstitué,0.1
1985-07-26,5.722805705299706,reconstitué,2.4
1985-07-27,6.002085832740932,reconstitué,4.5
1985-07-28,5.2876693039482054,reconstitué,0.5
1985-07-30,5.215669002090565,reconstitué,0.3
1985-08-06,5.223307288274009,reconstitué,0.6
1985-08-07,5.120088098367495,reconstitué,0.3
1985-08-08,5.513805860609447,reconstitué,1.8
1985-08-09,5.513805860609447,reconstitué,1.8
1985-08-10,5.156669037595924,reconstitué,0.4
1985-08-12,7.1112249363748194,reconstitué,27.8
1985-08-15,6.342442667755526,reconstitué,10.1
1985-08-16,5.282891656921995,reconstitué,0.8
1985-08-18,5.568830269263172,reconstitué,2.1
1985-08-20,8.630723400828984,reconstitué,87.6
1985-08-21,6.518300995096752,reconstitué,13.2
1985-08-22,7.014953475463122,reconstitué,25.0
1985-08-24,5.802230890962497,reconstitué,3.7
1985-08-26,5.223307288274009,reconstitué,0.6
1985-08-27,6.826836884202075,reconstitué,20.0
1985-08-28,5.777149176629986,reconstitué,3.5
1985-08-31,5.336861482729342,reconstitué,1.0
1985-09-06,7.689455488160288,reconstitué,16.1
1985-09-07,7.064622946625162,reconstitué,6.8
1985-09-09,7.694648781482234,reconstitué,16.2
1985-09-10,7.091947778577337,reconstitué,7.1
1985-09-12,7.770269837668761,reconstitué,17.7
1985-09-14,7.684241973291476,reconstitué,16.0
1985-09-15,6.059894904185256,reconstitué,0.6
1985-09-16,6.9461945007319255,reconstitué,5.6
1985-09-18,7.1694345028962365,reconstitué,8.0
1985-09-20,7.455865333841447,reconstitué,12.0
1985-09-21,7.017177732361369,reconstitué,6.3
1985-09-22,7.007380493147473,reconstitué,6.2
1985-09-24,8.509100389941445,reconstitué,36.5
1985-09-25,6.217318160250564,reconstitué,1.1
1985-09-26,7.7994138591859485,reconstitué,18.3
1985-09-27,7.082929261671319,reconstitué,7.0
1985-09-28,7.630940856054745,reconstitué,15.0
1985-10-06,8.985990877174,reconstitué,5.2
1985-10-07,11.363322446139428,reconstitué,45.2
1985-10-08,9.57750949475273,reconstitué,10.7
1985-10-15,9.027313747546003,reconstitué,5.5
1985-10-18,10.453273378203003,reconstitué,24.3
1985-11-14,14.632686442426758,reconstitué,32.1
1986-02-01,18.680652033214464,reconstitué,4.0
1986-02-02,154.00696709777174,reconstitué,1175.5
1986-02-13,16.910891596140818,reconstitué,0.6
1986-03-15,14.619415476047092,reconstitué,0.4
1986-03-22,16.862836666920305,reconstitué,6.0
1986-03-26,17.05598287591232,reconstitué,6.9
1986-04-08,11.614551210874755,reconstitué,0.8
1986-04-15,11.669994592267834,reconstitué,0.9
1986-04-16,13.206313679505604,reconstitué,6.4
1986-04-18,11.287680410160599,reconstitué,0.3
1986-04-20,14.265777951388364,reconstitué,14.9
1986-05-09,8.350761991570216,reconstitué,0.4
1986-05-13,10.161132283845747,reconstitué,10.2
1986-05-15,9.63857343408938,reconstitué,5.6
1986-05-21,9.101647609785793,reconstitué,2.6
1986-05-25,11.231569348054713,reconstitué,26.1
1986-06-09,8.80719989550843,reconstitué,33.3
1986-06-12,7.853919077360418,reconstitué,12.5
1986-06-14,6.40139821363564,reconstitué,0.7
1986-06-16,8.44324994103619,reconstitué,24.0
1986-06-20,8.961582261318096,reconstitué,37.7
1986-06-21,7.159461137489027,reconstitué,4.5
1986-06-22,8.113280466317374,reconstitué,17.0
1986-06-28,8.607445954852144,reconstitué,28.0
1986-06-30,6.662144155505921,reconstitué,1.6
1986-07-07,5.381015156602162,reconstitué,0.8
1986-07-09,6.450775962823681,reconstitué,10.0
1986-07-10,6.682301067158556,reconstitué,14.1
1986-07-12,6.055017464087859,reconstitué,5.0
1986-07-14,6.9490730564043455,reconstitué,20.0
1986-07-15,5.485990175019192,reconstitué,1.2
1986-07-18,6.79328887062035,reconstitué,16.4
1986-07-19,5.252821246694718,reconstitué,0.4
1986-07-20,5.908465207436572,reconstitué,3.7
1986-07-21,5.215669002090565,reconstitué,0.3
1986-07-24,6.371137120285338,reconstitué,8.8
1986-07-28,7.227685497964194,reconstitué,27.5
1986-07-30,6.01297966862468,reconstitué,4.6
1986-07-31,5.5753105671629175,reconstitué,1.6
1986-08-10,5.551022648061364,reconstitué,2.0
1986-08-12,7.084269048795719,reconstitué,27.0
1986-08-13,5.8944118733304816,reconstitué,4.5
1986-08-16,6.989983836830589,reconstitué,24.3
1986-08-18,5.6510623544840595,reconstitué,2.6
1986-08-20,7.124550183859639,reconstitué,28.2
1986-08-21,6.78603108102296,reconstitué,19.0
1986-08-24,5.6510623544840595,reconstitué,2.6
1986-08-25,5.995211947197239,reconstitué,5.5
1986-08-26,5.586147781981274,reconstitué,2.2
1986-08-27,5.586147781981274,reconstitué,2.2
1986-08-30,5.814437729121808,reconstitué,3.8
1986-08-31,7.000732950448972,reconstitué,24.6
1986-09-06,6.9461945007319255,reconstitué,5.6
1986-09-07,6.12748908861186,reconstitué,0.8
1986-09-09,7.9327642816043396,reconstitué,21.2
1986-09-10,6.977321499380277,reconstitué,5.9
1986-09-13,8.174870657058358,reconstitué,27.1
1986-09-14,6.868845963690813,reconstitué,4.9
1986-09-15,7.286261274861774,reconstitué,9.5
1986-09-16,6.471511370141,reconstitué,2.2
1986-09-18,8.301569899422983,reconstitué,30.5
1986-09-20,6.7574773011451645,reconstitué,4.0
1986-09-21,8.035281076667003,reconstitué,23.6
1986-09-24,6.9461945007319255,reconstitué,5.6
1986-09-26,6.12748908861186,reconstitué,0.8
1986-09-28,7.888076376856678,reconstitué,20.2
1986-09-30,7.765354194989201,reconstitué,17.6
1986-10-08,10.230898797191065,reconstitué,20.2
1986-10-10,10.607821239936705,reconstitué,27.4
1986-11-06,10.850707586803663,reconstitué,0.7
1986-11-09,12.959992700580361,reconstitué,10.5
1986-11-13,11.60334382583287,reconstitué,2.6
1986-11-14,11.145559525250198,reconstitué,1.3
1987-02-01,18.680652033214464,reconstitué,4.0
1987-02-02,184.56003052616558,reconstitué,1298.8
1987-03-21,15.372189515302694,reconstitué,1.5
1987-03-28,16.435389078252364,reconstitué,4.3
1987-04-06,11.722909777067555,reconstitué,1.0
1987-04-08,14.332487813781416,reconstitué,15.6
1987-04-21,11.494919978836942,reconstitué,0.6
1987-04-22,11.722909777067555,reconstitué,1.0
1987-05-06,11.11876672876049,reconstitué,24.0
1987-05-13,9.191264672856338,reconstitué,3.0
1987-05-19,10.103674459753018,reconstitué,9.6
1987-05-20,9.869247134180023,reconstitué,7.4
1987-05-21,9.33124270359253,reconstitué,3.7
1987-05-25,10.103674459753018,reconstitué,9.6
1987-05-27,9.720490844164159,reconstitué,6.2
1987-05-31,9.293148542670172,reconstitué,3.5
1987-06-09,7.332891200773972,reconstitué,6.0
1987-06-10,7.092967134021128,reconstitué,4.0
1987-06-12,6.196666598962106,reconstitué,0.2
1987-06-13,7.413395994813335,reconstitué,6.8
1987-06-15,6.852968710489403,reconstitué,2.5
1987-06-18,8.355466447331004,reconstitué,22.0
1987-06-19,6.286350550504439,reconstitué,0.4
1987-06-20,7.885440414465766,reconstitué,13.0
1987-06-25,8.144431967287867,reconstitué,17.6
1987-06-27,6.731370723095309,reconstitué,1.9
1987-06-28,7.531329880103423,reconstitué,8.1
1987-06-30,6.75306374056903,reconstitué,2.0
1987-07-06,6.150915782248185,reconstitué,6.0
1987-07-07,5.739067694070457,reconstitué,2.5
1987-07-08,7.036147729764195,reconstitué,22.2
1987-07-10,6.989308893501062,reconstitué,21.0
1987-07-13,6.186201188847819,reconstitué,6.4
1987-07-14,8.060510112865606,reconstitué,56.8
1987-07-19,5.5753105671629175,reconstitué,1.6
1987-07-20,5.320500224911354,reconstitué,0.6
1987-07-21,5.381015156602162,reconstitué,0.8
1987-07-25,5.4358278599370085,reconstitué,1.0
1987-07-26,6.727007889246497,reconstitué,15.0
1987-07-28,7.75411982829453,reconstitué,45.0
1987-07-30,5.653333702240314,reconstitué,2.0
1987-08-06,6.677973883061109,reconstitué,16.5
1987-08-07,7.881682354738986,reconstitué,55.2
1987-08-10,5.386252431220608,reconstitué,1.2
1987-08-12,6.108976470904872,reconstitué,6.8
1987-08-13,5.5326929330570245,reconstitué,1.9
1987-08-16,6.45385718554574,reconstitué,12.0
1987-08-20,6.756695693861882,reconstitué,18.3
1987-08-21,6.700350304175187,reconstitué,17.0
1987-08-24,6.201368005182589,reconstitué,8.0
1987-08-25,5.9051381902104945,reconstitué,4.6
1987-08-27,6.50783475293508,reconstitué,13.0
1987-09-07,8.645079463493495,reconstitué,40.7
1987-09-09,6.7574773011451645,reconstitué,4.0
1987-09-12,7.505106008690837,reconstitué,12.8
1987-09-14,7.144302876247407,reconstitué,7.7
1987-09-16,6.320905218573884,reconstitué,1.5
1987-09-18,8.49912610170654,reconstitué,36.2
1987-09-19,6.62792918476471,reconstitué,3.1
1987-09-21,8.485767821104307,reconstitué,35.8
1987-09-22,8.81442642041059,reconstitué,46.2
1987-09-24,6.868845963690813,reconstitué,4.9
1987-09-25,6.7574773011451645,reconstitué,4.0
1987-09-26,6.92480293649421,reconstitué,5.4
1987-09-27,6.730489909981218,reconstitué,3.8
1987-09-28,7.391160158170912,reconstitué,11.0
1987-09-30,7.486884369030263,reconstitué,12.5
1987-10-06,9.202013435189297,reconstitué,6.9
1987-10-07,8.337240322089865,reconstitué,1.8
1987-10-08,8.219739189084503,reconstitué,1.4
1987-10-10,9.611392927845241,reconstitué,11.1
1987-10-12,10.952113887489485,reconstitué,35.0
1987-10-15,9.48890397233767,reconstitué,9.7
1987-10-16,8.785377969721408,reconstitué,3.9
1987-10-18,11.351826202543233,reconstitué,44.9
1987-10-22,8.219739189084503,reconstitué,1.4
1987-10-24,9.013714553488724,reconstitué,5.4
1987-10-31,8.083598716051172,reconstitué,1.0
1987-11-14,14.00812543974049,reconstitué,22.4
1988-02-01,18.680652033214464,reconstitué,4.0
1988-02-02,216.3874320931276,reconstitué,1407.7
1988-03-30,18.535721341776604,reconstitué,17.0
1988-04-08,13.18916224412681,reconstitué,6.3
1988-04-10,12.606902684395287,reconstitué,3.5
1988-04-13,11.556301946507098,reconstitué,0.7
1988-04-16,16.43872670321354,reconstitué,47.5
1988-04-21,14.714425790894444,reconstitué,20.0
1988-04-22,12.353750352343859,reconstitué,2.6
1988-04-25,11.20897946801906,reconstitué,0.2
1988-04-27,11.722909777067555,reconstitué,1.0
1988-04-30,15.575924761600724,reconstitué,32.3
1988-05-07,10.555329798932437,reconstitué,15.0
1988-05-08,10.002237516505726,reconstitué,8.6
1988-05-24,10.935689358221516,reconstitué,20.8
1988-05-26,8.94970709150345,reconstitué,2.0
1988-05-30,11.183856441821227,reconstitué,25.2
1988-06-06,7.146574847549578,reconstitué,4.4
1988-06-09,7.958000973192036,reconstitué,14.2
1988-06-13,7.146574847549578,reconstitué,4.4
1988-06-14,9.658920564456734,reconstitué,60.3
1988-06-18,7.311623092215246,reconstitué,5.8
1988-06-24,8.179964619494191,reconstitué,18.3
1988-06-27,8.485609882809673,reconstitué,25.0
1988-06-28,6.974003043832069,reconstitué,3.2
1988-06-30,6.6859596418156455,reconstitué,1.7
1988-07-07,7.2174095999787315,reconstitué,27.2
1988-07-10,7.175691508647411,reconstitué,26.0
1988-07-12,5.882991777677044,reconstitué,3.5
1988-07-13,5.215669002090565,reconstitué,0.3
1988-07-15,6.371137120285338,reconstitué,8.8
1988-07-16,5.895844722914402,reconstitué,3.6
1988-07-19,6.873524325079886,reconstitué,18.2
1988-07-24,6.283702969616308,reconstitué,7.6
1988-07-26,7.261520433493171,reconstitué,28.5
1988-07-30,6.244464464215899,reconstitué,7.1
1988-08-06,6.78603108102296,reconstitué,19.0
1988-08-07,6.408494972511554,reconstitué,11.2
1988-08-10,5.995211947197239,reconstitué,5.5
1988-08-15,5.336861482729342,reconstitué,1.0
1988-08-19,5.777149176629986,reconstitué,3.5
1988-08-21,6.3299196816692325,reconstitué,9.9
1988-08-22,5.603004289580888,reconstitué,2.3
1988-08-26,6.38500126842986,reconstitué,10.8
1988-08-27,5.282891656921995,reconstitué,0.8
1988-08-30,6.904987580451061,reconstitué,22.0
1988-08-31,5.1909812219121365,reconstitué,0.5
1988-09-06,6.796320142247262,reconstitué,4.3
1988-09-07,6.059894904185256,reconstitué,0.6
1988-09-08,8.108380267878559,reconstitué,25.4
1988-09-09,9.268775204933663,reconstitué,62.2
1988-09-10,6.059894904185256,reconstitué,0.6
1988-09-13,8.695266126186453,reconstitué,42.3
1988-09-14,8.632402670225643,reconstitué,40.3
1988-09-15,6.471511370141,reconstitué,2.2
1988-09-16,6.688188726779565,reconstitué,3.5
1988-09-19,8.571427930936359,reconstitué,38.4
1988-09-21,7.630940856054745,reconstitué,15.0
1988-09-24,7.915040134689128,reconstitué,20.8
1988-09-27,7.449559697598087,reconstitué,11.9
1988-09-28,6.389444658922317,reconstitué,1.8
1988-09-30,6.833383065241891,reconstitué,4.6
1988-10-06,10.437759415715297,reconstitué,24.0
1988-10-07,9.99953421993418,reconstitué,16.4
1988-10-08,8.44093913038491,reconstitué,2.2
1988-10-16,9.660723395474493,reconstitué,11.7
1988-10-18,7.964648043423525,reconstitué,0.7
1989-02-01,18.680652033214464,reconstitué,4.0
1989-02-02,152.78759112087346,reconstitué,1170.1
1989-03-19,16.972419705045617,reconstitué,6.5
1989-03-20,17.306478447453426,reconstitué,8.2
1989-03-25,15.573384808532445,reconstitué,1.9
1989-03-26,17.324584527878415,reconstitué,8.3
1989-04-16,11.556301946507098,reconstitué,0.7
1989-04-19,11.913594439562566,reconstitué,1.4
1989-04-28,11.913594439562566,reconstitué,1.4
1989-05-10,9.368002041105138,reconstitué,3.9
1989-05-14,9.38591390179445,reconstitué,4.0
1989-05-28,9.253602562500832,reconstitué,3.3
1989-05-30,8.350761991570216,reconstitué,0.4
1989-05-31,8.350761991570216,reconstitué,0.4
1989-06-08,7.718759135656824,reconstitué,10.5
1989-06-10,7.760984734694187,reconstitué,11.1
1989-06-14,8.118518861064732,reconstitué,17.1
1989-06-15,8.26297595203902,reconstitué,20.0
1989-06-19,7.478650998151152,reconstitué,7.5
1989-06-21,8.971799275042095,reconstitué,38.0
1989-06-24,7.548293421557833,reconstitué,8.3
1989-06-26,8.44324994103619,reconstitué,24.0
1989-06-27,6.286350550504439,reconstitué,0.4
1989-06-30,6.612006721706904,reconstitué,1.4
1989-07-06,6.085067015697273,reconstitué,5.3
1989-07-12,5.856547521556834,reconstitué,3.3
1989-07-15,6.276000342980836,reconstitué,7.5
1989-07-16,6.321207011262874,reconstitué,8.1
1989-07-18,5.461436278332945,reconstitué,1.1
1989-07-19,6.989308893501062,reconstitué,21.0
1989-07-20,6.34295315006787,reconstitué,8.4
1989-07-21,6.431501821639306,reconstitué,9.7
1989-07-25,7.066572630744299,reconstitué,23.0
1989-07-27,5.532284856398626,reconstitué,1.4
1989-07-28,5.956803353672751,reconstitué,4.1
1989-07-30,5.920862686744198,reconstitué,3.8
1989-07-31,6.335764366373651,reconstitué,8.3
1989-08-06,6.533808651878216,reconstitué,13.5
1989-08-08,6.617738409503426,reconstitué,15.2
1989-08-09,7.049970531115509,reconstitué,26.0
1989-08-13,6.201368005182589,reconstitué,8.0
1989-08-14,5.777149176629986,reconstitué,3.5
1989-08-20,7.3676128771001785,reconstitué,36.0
1989-08-22,6.470351177205465,reconstitué,12.3
1989-08-24,5.9051381902104945,reconstitué,4.6
1989-08-25,5.223307288274009,reconstitué,0.6
1989-08-26,5.1909812219121365,reconstitué,0.5
1989-08-27,6.830850237232129,reconstitué,20.1
1989-08-28,5.494322421490173,reconstitué,1.7
1989-08-30,5.8382271523924745,reconstitué,4.0
1989-08-31,6.538928129866255,reconstitué,13.6
1989-09-06,7.679008001964472,reconstitué,15.9
1989-09-07,6.059894904185256,reconstitué,0.6
1989-09-08,8.15555258682424,reconstitué,26.6
1989-09-09,7.007380493147473,reconstitué,6.2
1989-09-10,9.069998697106389,reconstitué,55.0
1989-09-15,8.022800393345586,reconstitué,23.3
1989-09-16,7.036456033329511,reconstitué,6.5
1989-09-18,7.397802572231722,reconstitué,11.1
1989-09-19,8.458842343363044,reconstitué,35.0
1989-09-21,8.254029679012179,reconstitué,29.2
1989-09-22,6.913903447512932,reconstitué,5.3
1989-09-25,7.161130222860662,reconstitué,7.9
1989-09-26,8.301569899422983,reconstitué,30.5
1989-09-28,7.505106008690837,reconstitué,12.8
1989-10-07,9.130438571128426,reconstitué,6.3
1989-10-08,8.154398363088209,reconstitué,1.2
1989-10-09,9.470450279587716,reconstitué,9.5
1989-10-10,10.762511853679865,reconstitué,30.7
1989-10-12,8.006235459532906,reconstitué,0.8
1989-10-14,10.100545920475703,reconstitué,18.0
1989-10-15,8.985990877174,reconstitué,5.2
1989-10-19,8.006235459532906,reconstitué,0.8
1989-10-21,9.105541177183628,reconstitué,6.1
1989-10-24,8.61857225895556,reconstitué,3.0
1989-10-25,8.390588870678968,reconstitué,2.0
1990-02-01,18.680652033214464,reconstitué,4.0
1990-02-02,212.8817341346969,reconstitué,1396.5
1990-02-26,21.38453584468382,reconstitué,18.8
1990-02-27,22.187993972462202,reconstitué,26.2
1990-04-12,14.351199318133775,reconstitué,15.8
1990-04-13,12.527712879475002,reconstitué,3.2
1990-04-18,11.556301946507098,reconstitué,0.7
1990-04-20,11.669994592267834,reconstitué,0.9
1990-04-21,13.998687329624092,reconstitué,12.3
1990-04-22,11.361126230403338,reconstitué,0.4
1990-04-26,12.86387416415364,reconstitué,4.6
1990-05-06,9.293148542670172,reconstitué,3.5
1990-05-07,8.235668258497244,reconstitué,0.2
1990-05-08,10.426700806633121,reconstitué,13.3
1990-05-12,8.94970709150345,reconstitué,2.0
1990-05-16,9.454710066162654,reconstitué,4.4
1990-05-24,8.295202783487998,reconstitué,0.3
1990-05-28,11.581191641138634,reconstitué,33.2
1990-05-30,8.350761991570216,reconstitué,0.4
1990-06-06,7.172155616342167,reconstitué,4.6
1990-06-07,7.89782709773081,reconstitué,13.2
1990-06-08,6.326958645816165,reconstitué,0.5
1990-06-13,7.872928753467267,reconstitué,12.8
1990-06-16,8.048869618973029,reconstitué,15.8
1990-06-18,6.40139821363564,reconstitué,0.7
1990-06-20,8.34644279223171,reconstitué,21.8
1990-06-25,10.038154149824358,reconstitué,74.0
1990-06-27,8.477213591925782,reconstitué,24.8
1990-06-30,6.499606340896463,reconstitué,1.0
1990-07-07,5.785571978999265,reconstitué,2.8
1990-07-09,5.5753105671629175,reconstitué,1.6
1990-07-10,6.494279791861111,reconstitué,10.7
1990-07-13,5.920862686744198,reconstitué,3.8
1990-07-15,6.252460649792553,reconstitué,7.2
1990-07-16,5.653333702240314,reconstitué,2.0
1990-07-19,5.320500224911354,reconstitué,0.6
1990-07-20,6.437970764771132,reconstitué,9.8
1990-07-21,5.671419435211145,reconstitué,2.1
1990-07-22,7.931224015646911,reconstitué,51.7
1990-07-25,5.2876693039482054,reconstitué,0.5
1990-07-26,5.554174489640071,reconstitué,1.5
1990-07-27,6.856130355959588,reconstitué,17.8
1990-07-30,6.944984965197126,reconstitué,19.9
1990-08-06,6.32359402313262,reconstitué,9.8
1990-08-10,6.336202310377695,reconstitué,10.0
1990-08-12,8.369945707546663,reconstitué,75.9
1990-08-13,6.2300375334474225,reconstitué,8.4
1990-08-14,8.235033044800275,reconstitué,70.0
1990-08-15,6.878123424348253,reconstitué,21.3
1990-08-16,6.3299196816692325,reconstitué,9.9
1990-08-18,5.4318352202064295,reconstitué,1.4
1990-08-19,5.635438272968148,reconstitué,2.5
1990-08-20,6.748189917564959,reconstitué,18.1
1990-08-24,5.386252431220608,reconstitué,1.2
1990-08-26,6.583946718962437,reconstitué,14.5
1990-08-28,5.336861482729342,reconstitué,1.0
1990-08-30,6.695907963214294,reconstitué,16.9
1990-08-31,5.156669037595924,reconstitué,0.4
1990-09-06,6.673561287926935,reconstitué,3.4
1990-09-08,7.6471609057412655,reconstitué,15.3
1990-09-09,8.116324619732456,reconstitué,25.6
1990-09-13,7.209922672723406,reconstitué,8.5
1990-09-14,6.410870685366305,reconstitué,1.9
1990-09-16,7.679008001964472,reconstitué,15.9
1990-09-18,7.980530678007113,reconstitué,22.3
1990-09-19,6.43166442984332,reconstitué,2.0
1990-09-21,6.562459977849078,reconstitué,2.7
1990-09-25,7.2935891242037805,reconstitué,9.6
1990-09-26,7.364179024226716,reconstitué,10.6
1990-09-28,6.78358004711347,reconstitué,4.2
1990-10-06,8.44093913038491,reconstitué,2.2
1990-10-08,8.714730821733003,reconstitué,3.5
1990-10-12,9.973335353678426,reconstitué,16.0
1990-10-16,8.416115274487149,reconstitué,2.1
1990-10-21,9.333232655496039,reconstitué,8.1
1990-10-30,9.040744754724725,reconstitué,5.6
1990-10-31,8.364314069480804,reconstitué,1.9
1990-11-18,11.228763856117038,reconstitué,1.5
1990-11-20,15.581614655130231,reconstitué,50.0
1990-11-21,11.512276822804322,reconstitué,2.3
1990-12-22,17.126450675589517,reconstitué,12.0
1990-12-28,18.43021502986622,reconstitué,24.3
1990-12-31,17.257714488205696,reconstitué,13.0
1991-02-01,18.680652033214464,reconstitué,4.0
1991-02-02,363.7618029211392,reconstitué,1765.8
1991-03-06,19.378522318013964,reconstitué,25.5
1991-03-07,14.70646518741747,reconstitué,0.5
1991-03-19,21.199900235027854,reconstitué,50.0
1991-03-21,16.885241928586893,reconstitué,6.1
1991-03-22,20.412421199972627,reconstitué,38.5
1991-04-10,11.430016930712805,reconstitué,0.5
1991-04-12,11.361126230403338,reconstitué,0.4
1991-04-15,14.084478424951959,reconstitué,13.1
1991-04-24,12.65726079769419,reconstitué,3.7
1991-04-27,15.0275163150515,reconstitué,24.1
1991-05-08,8.235668258497244,reconstitué,0.2
1991-05-09,8.94970709150345,reconstitué,2.0
1991-05-10,10.929715492326665,reconstitué,20.7
1991-05-12,8.350761991570216,reconstitué,0.4
1991-05-15,11.472493012541255,reconstitué,30.9
1991-05-16,9.33124270359253,reconstitué,3.7
1991-05-20,9.880871973393038,reconstitué,7.5
1991-05-22,12.336865882006396,reconstitué,51.2
1991-05-24,9.147462409201355,reconstitué,2.8
1991-05-25,9.07791772164335,reconstitué,2.5
1991-05-26,11.562558021418363,reconstitué,32.8
1991-05-27,9.147462409201355,reconstitué,2.8
1991-05-28,8.662734688653805,reconstitué,1.1
1991-05-30,10.812812991264801,reconstitué,18.8
1991-06-07,8.835948782362498,reconstitué,34.1
1991-06-08,6.2430574085379975,reconstitué,0.3
1991-06-12,8.70383754519242,reconstitué,30.5
1991-06-13,6.326958645816165,reconstitué,0.5
1991-06-14,6.326958645816165,reconstitué,0.5
1991-06-20,8.619240704795802,reconstitué,28.3
1991-06-22,7.847516063556937,reconstitué,12.4
1991-06-25,6.40139821363564,reconstitué,0.7
1991-06-28,9.294841318348467,reconstitué,48.0
1991-06-30,6.834018776346525,reconstitué,2.4
1991-07-06,6.431501821639306,reconstitué,9.7
1991-07-07,6.123376493233363,reconstitué,5.7
1991-07-09,6.894943730326827,reconstitué,18.7
1991-07-12,5.956803353672751,reconstitué,4.1
1991-07-14,7.001160567676623,reconstitué,21.3
1991-07-15,6.9034146833600705,reconstitué,18.9
1991-07-20,6.494279791861111,reconstitué,10.7
1991-07-21,6.437970764771132,reconstitué,9.8
1991-07-22,5.485990175019192,reconstitué,1.2
1991-07-25,6.682301067158556,reconstitué,14.1
1991-07-26,5.252821246694718,reconstitué,0.4
1991-07-27,6.475877044088131,reconstitué,10.4
1991-07-28,6.736708971659307,reconstitué,15.2
1991-07-30,5.615535679008593,reconstitué,1.8
1991-08-06,7.3230197439916855,reconstitué,34.5
1991-08-12,6.760927453619212,reconstitué,18.4
1991-08-14,5.681227442343185,reconstitué,2.8
1991-08-16,5.253879620663272,reconstitué,0.7
1991-08-18,6.250932555302333,reconstitué,8.7
1991-08-20,6.769349430585616,reconstitué,18.6
1991-08-21,5.76425506870688,reconstitué,3.4
1991-08-22,6.208625793980415,reconstitué,8.1
1991-08-24,5.409479488051546,reconstitué,1.3
1991-08-25,5.03863685069204,reconstitué,0.1
1991-08-26,6.201368005182589,reconstitué,8.0
1991-08-28,5.82643373938388,reconstitué,3.9
1991-08-30,6.402674779517439,reconstitué,11.1
1991-09-06,7.3777532439426645,reconstitué,10.8
1991-09-08,6.7574773011451645,reconstitué,4.0
1991-09-09,8.305184035511813,reconstitué,30.6
1991-09-10,8.926794783955332,reconstitué,50.0
1991-09-13,6.158815775491867,reconstitué,0.9
1991-09-14,6.78358004711347,reconstitué,4.2
1991-09-15,8.83836743600432,reconstitué,47.0
1991-09-18,8.561680226952713,reconstitué,38.1
1991-09-19,7.064622946625162,reconstitué,6.8
1991-09-21,5.942800150691694,reconstitué,0.3
1991-09-24,7.357327413907825,reconstitué,10.5
1991-09-26,6.43166442984332,reconstitué,2.0
1991-09-30,6.796320142247262,reconstitué,4.3
1991-10-07,10.379929008495548,reconstitué,22.9
1991-10-08,10.58842688166576,reconstitué,27.0
1991-10-12,9.19038994611832,reconstitué,6.8
1991-10-13,9.878247675147236,reconstitué,14.6
1991-10-14,9.498034310315205,reconstitué,9.8
1991-10-18,10.363886843558442,reconstitué,22.6
1991-10-19,8.219739189084503,reconstitué,1.4
1991-10-21,9.542765927434367,reconstitué,10.3
1991-10-25,9.60299962912424,reconstitué,11.0
1991-10-26,7.8253011553869545,reconstitué,0.4
1991-10-27,8.511594776221918,reconstitué,2.5
1992-02-01,18.680652033214464,reconstitué,4.0
1992-02-02,133.68673771626834,reconstitué,1079.6
1992-03-27,17.136278115467224,reconstitué,7.3
1992-04-08,13.516194724086654,reconstitué,8.4
1992-04-10,12.039053868701306,reconstitué,1.7
1992-04-26,13.458633134258838,reconstitué,8.0
1992-04-28,12.257261195134106,reconstitué,2.3
1992-04-30,13.998687329624092,reconstitué,12.3
1992-05-06,11.068754758767367,reconstitué,23.1
1992-05-10,12.04231265482409,reconstitué,43.8
1992-05-22,10.354246045873762,reconstitué,12.4
1992-05-24,9.74658210899206,reconstitué,6.4
1992-05-25,8.662734688653805,reconstitué,1.1
1992-05-27,8.542469173499805,reconstitué,0.8
1992-06-06,7.718759135656824,reconstitué,10.5
1992-06-07,6.435733641620175,reconstitué,0.8
1992-06-08,6.794633952856061,reconstitué,2.2
1992-06-09,7.910092226728271,reconstitué,13.4
1992-06-10,7.910092226728271,reconstitué,13.4
1992-06-14,7.975518094811559,reconstitué,14.5
1992-06-19,7.39390768912859,reconstitué,6.6
1992-06-20,8.733830419143247,reconstitué,31.3
1992-06-21,9.008958783463001,reconstitué,39.1
1992-06-25,7.244639910199052,reconstitué,5.2
1992-06-28,7.981305514764309,reconstitué,14.6
1992-07-07,6.194784462873147,reconstitué,6.5
1992-07-09,6.328516074364943,reconstitué,8.2
1992-07-10,5.595747955916812,reconstitué,1.7
1992-07-12,6.682301067158556,reconstitué,14.1
1992-07-13,5.3515500228389765,reconstitué,0.7
1992-07-14,6.4571137794191165,reconstitué,10.1
1992-07-19,7.227685497964194,reconstitué,27.5
1992-07-20,6.418427180890479,reconstitué,9.5
1992-07-21,5.3515500228389765,reconstitué,0.7
1992-07-22,6.335764366373651,reconstitué,8.3
1992-07-26,7.583474071140387,reconstitué,38.9
1992-07-28,5.2876693039482054,reconstitué,0.5
1992-07-31,5.785571978999265,reconstitué,2.8
1992-08-10,5.223307288274009,reconstitué,0.6
1992-08-12,6.431435689591496,reconstitué,11.6
1992-08-13,5.4318352202064295,reconstitué,1.4
1992-08-14,6.0229825190700215,reconstitué,5.8
1992-08-15,5.156669037595924,reconstitué,0.4
1992-08-19,7.405572053002,reconstitué,37.3
1992-08-24,5.1909812219121365,reconstitué,0.5
1992-08-25,5.635438272968148,reconstitué,2.5
1992-08-26,6.603380201470569,reconstitué,14.9
1992-08-30,5.551022648061364,reconstitué,2.0
1992-09-07,8.092388753697136,reconstitué,25.0
1992-09-09,7.144302876247407,reconstitué,7.7
1992-09-10,7.474576582101291,reconstitué,12.3
1992-09-12,7.789764667212424,reconstitué,18.1
1992-09-13,7.336505690852338,reconstitué,10.2
1992-09-14,8.475703844825537,reconstitué,35.5
1992-09-15,7.901616106093139,reconstitué,20.5
1992-09-16,6.367342097344913,reconstitué,1.7
1992-09-19,7.789764667212424,reconstitué,18.1
1992-09-20,6.770635044428305,reconstitué,4.1
1992-09-21,6.9566945044886195,reconstitué,5.7
1992-09-24,7.329473569789968,reconstitué,10.1
1992-09-25,6.821214829547578,reconstitué,4.5
1992-09-26,6.702545255433317,reconstitué,3.6
1992-09-28,8.581141948141997,reconstitué,38.7
1992-09-30,7.064622946625162,reconstitué,6.8
1992-10-08,8.971855416591342,reconstitué,5.1
1992-10-10,8.882821489975054,reconstitué,4.5
1992-10-13,8.818909297530652,reconstitué,4.1
1992-10-16,12.057235442899355,reconstitué,64.6
1992-10-19,8.61857225895556,reconstitué,3.0
1992-10-21,10.478896531663736,reconstitué,24.8
1992-10-27,9.224917374697148,reconstitué,7.1
1992-11-12,13.506067376931378,reconstitué,16.0
1992-11-13,10.905683566364239,reconstitué,0.8
1992-11-14,12.853524925064566,reconstitué,9.6
1992-11-15,10.666499660820008,reconstitué,0.4
1993-02-01,18.680652033214464,reconstitué,4.0
1993-02-02,163.64953113339135,reconstitué,1216.8
1993-03-06,14.427164102610718,reconstitué,0.2
1993-03-14,15.873686994931948,reconstitué,2.6
1993-03-15,15.476039156438539,reconstitué,1.7
1993-03-16,15.201866536763047,reconstitué,1.2
1993-03-21,15.793426732184766,reconstitué,2.4
1993-03-26,14.52660995331658,reconstitué,0.3
1993-04-12,16.767295494341205,reconstitué,53.9
1993-04-21,11.430016930712805,reconstitué,0.5
1993-04-24,12.15289442983251,reconstitué,2.0
1993-04-27,15.513219571633105,reconstitué,31.3
1993-04-30,16.57919554725558,reconstitué,50.2
1993-05-06,10.480877486311527,reconstitué,14.0
1993-05-08,10.837988573708474,reconstitué,19.2
1993-05-10,10.49603418610899,reconstitué,14.2
1993-05-12,10.064004545645778,reconstitué,9.2
1993-05-14,8.498405631300358,reconstitué,0.7
1993-05-15,9.053598781359355,reconstitué,2.4
1993-05-20,9.880871973393038,reconstitué,7.5
1993-05-26,9.784687797366907,reconstitué,6.7
1993-05-31,10.064004545645778,reconstitué,9.2
1993-06-06,7.94619048886866,reconstitué,14.0
1993-06-08,8.291268276636016,reconstitué,20.6
1993-06-10,6.468415122660445,reconstitué,0.9
1993-06-14,7.209152188872503,reconstitué,4.9
1993-06-15,7.505338006617634,reconstitué,7.8
1993-06-20,7.079009758556773,reconstitué,3.9
1993-06-21,8.377822161216182,reconstitué,22.5
1993-06-24,7.403701852341475,reconstitué,6.7
1993-06-28,8.267725711508195,reconstitué,20.1
1993-07-06,6.444395214722154,reconstitué,9.9
1993-07-08,6.651468435176973,reconstitué,13.5
1993-07-09,5.595747955916812,reconstitué,1.7
1993-07-12,5.908465207436572,reconstitué,3.7
1993-07-13,5.175858477225356,reconstitué,0.2
1993-07-14,5.320500224911354,reconstitué,0.6
1993-07-15,7.83457391742749,reconstitué,48.0
1993-07-19,5.829043318949681,reconstitué,3.1
1993-07-20,5.4358278599370085,reconstitué,1.0
1993-07-21,6.666992973491695,reconstitué,13.8
1993-07-22,6.150915782248185,reconstitué,6.0
1993-07-24,5.215669002090565,reconstitué,0.3
1993-07-25,5.320500224911354,reconstitué,0.6
1993-07-30,6.094824982847287,reconstitué,5.4
1993-08-07,7.824213587010292,reconstitué,52.9
1993-08-09,6.726672051965156,reconstitué,17.6
1993-08-15,6.336202310377695,reconstitué,10.0
1993-08-16,6.32359402313262,reconstitué,9.8
1993-08-19,5.080889756349057,reconstitué,0.2
1993-08-20,7.246602200858999,reconstitué,32.0
1993-08-22,6.953611237932351,reconstitué,23.3
1993-08-24,6.013837397352626,reconstitué,5.7
1993-08-25,6.989983836830589,reconstitué,24.3
1993-08-26,6.257788107140239,reconstitué,8.8
1993-08-27,5.995211947197239,reconstitué,5.5
1993-08-28,5.156669037595924,reconstitué,0.4
1993-08-31,7.018489084864882,reconstitué,25.1
1993-09-06,9.021843550650823,reconstitué,53.3
1993-09-08,8.171022290542334,reconstitué,27.0
1993-09-09,6.997474061002367,reconstitué,6.1
1993-09-10,5.942800150691694,reconstitué,0.3
1993-09-12,7.869837739345733,reconstitué,19.8
1993-09-13,7.217823544768112,reconstitué,8.6
1993-09-14,6.5092635158222185,reconstitué,2.4
1993-09-15,7.109726128990298,reconstitué,7.3
1993-09-19,6.367342097344913,reconstitué,1.7
1993-09-20,7.620012711969666,reconstitué,14.8
1993-09-21,7.286261274861774,reconstitué,9.5
1993-09-22,7.730454547045841,reconstitué,16.9
1993-09-24,7.486884369030263,reconstitué,12.5
1993-09-27,7.474576582101291,reconstitué,12.3
1993-09-30,6.562459977849078,reconstitué,2.7
1993-10-08,10.25933180769459,reconstitué,20.7
1993-10-09,9.676792797555711,reconstitué,11.9
1993-10-10,8.250634459861487,reconstitué,1.5
1993-10-13,8.882821489975054,reconstitué,4.5
1993-10-14,8.364314069480804,reconstitué,1.9
1993-10-15,8.59812745285756,reconstitué,2.9
1993-10-20,9.027313747546003,reconstitué,5.5
1993-10-28,8.577231438989083,reconstitué,2.8
1993-10-31,8.488642425175064,reconstitué,2.4
1993-11-12,12.308109088915543,reconstitué,5.8
1993-11-13,11.95800931751059,reconstitué,4.0
1993-11-20,12.531624585564654,reconstitué,7.2
1993-12-06,15.792063987447579,reconstitué,4.6
1994-02-01,18.680652033214464,reconstitué,4.0
1994-02-02,183.91269414177498,reconstitué,1296.4
1994-03-08,14.788476134916683,reconstitué,0.6
1994-03-22,16.491062594878542,reconstitué,4.5
1994-03-24,15.834048836840546,reconstitué,2.5
1994-03-31,16.09350458581143,reconstitué,3.2
1994-04-07,11.722909777067555,reconstitué,1.0
1994-04-08,13.585569329369184,reconstitué,8.9
1994-04-24,15.338720319601526,reconstitué,28.6
1994-04-26,14.02047020527327,reconstitué,12.5
1994-05-07,11.257693731965023,reconstitué,26.6
1994-05-08,11.27840497669901,reconstitué,27.0
1994-05-09,13.878988704942927,reconstitué,95.2
1994-05-13,8.863590667135385,reconstitué,1.7
1994-05-14,9.892390842322207,reconstitué,7.6
1994-05-16,9.503591949878766,reconstitué,4.7
1994-05-19,8.451972308028722,reconstitué,0.6
1994-05-20,10.207297293037268,reconstitué,10.7
1994-05-25,10.540698913250402,reconstitué,14.8
1994-06-07,8.874961843598548,reconstitué,35.2
1994-06-12,8.26297595203902,reconstitué,20.0
1994-06-13,6.499606340896463,reconstitué,1.0
1994-06-16,7.740068327387576,reconstitué,10.8
1994-06-18,8.065250847442314,reconstitué,16.1
1994-06-22,7.209152188872503,reconstitué,4.9
1994-06-24,7.278756923769706,reconstitué,5.5
1994-06-26,10.493733991954922,reconstitué,91.3
1994-06-27,7.172155616342167,reconstitué,4.6
1994-07-06,7.129307630357439,reconstitué,24.7
1994-07-07,5.84293396372889,reconstitué,3.2
1994-07-08,5.979798407953991,reconstitué,4.3
1994-07-09,6.811571080798924,reconstitué,16.8
1994-07-10,6.431501821639306,reconstitué,9.7
1994-07-12,7.114767967970907,reconstitué,24.3
1994-07-14,5.7549357857717,reconstitué,2.6
1994-07-15,6.150915782248185,reconstitué,6.0
1994-07-18,5.7549357857717,reconstitué,2.6
1994-07-19,5.320500224911354,reconstitué,0.6
1994-07-20,5.3515500228389765,reconstitué,0.7
1994-07-24,6.488184473182996,reconstitué,10.6
1994-07-25,6.630416956576137,reconstitué,13.1
1994-07-27,5.829043318949681,reconstitué,3.1
1994-07-30,7.2914492847105254,reconstitué,29.4
1994-08-12,5.310506175469893,reconstitué,0.9
1994-08-13,6.237058383834672,reconstitué,8.5
1994-08-15,5.551022648061364,reconstitué,2.0
1994-08-16,7.298864153868151,reconstitué,33.7
1994-08-24,6.920118621141881,reconstitué,22.4
1994-08-25,5.282891656921995,reconstitué,0.8
1994-08-26,5.586147781981274,reconstitué,2.2
1994-08-27,5.695804830619016,reconstitué,2.9
1994-08-28,6.622484501245998,reconstitué,15.3
1994-08-31,5.814437729121808,reconstitué,3.8
1994-09-06,8.40410923903956,reconstitué,33.4
1994-09-07,6.45186589641965,reconstitué,2.1
1994-09-09,6.244744459423832,reconstitué,1.2
1994-09-12,7.7945973075872725,reconstitué,18.2
1994-09-13,6.821214829547578,reconstitué,4.5
1994-09-15,6.059894904185256,reconstitué,0.6
1994-09-16,8.326745925419178,reconstitué,31.2
1994-09-19,6.808862734197903,reconstitué,4.4
1994-09-20,7.67375333517845,reconstitué,15.8
1994-09-21,6.158815775491867,reconstitué,0.9
1994-09-22,8.035281076667003,reconstitué,23.6
1994-09-24,6.389444658922317,reconstitué,1.8
1994-09-26,6.296454857894096,reconstitué,1.4
1994-09-27,8.15555258682424,reconstitué,26.6
1994-09-30,6.595909411732854,reconstitué,2.9
1994-10-06,10.112779428937891,reconstitué,18.2
1994-10-07,10.4273568447624,reconstitué,23.8
1994-10-08,9.63627408891772,reconstitué,11.4
1994-10-09,8.882821489975054,reconstitué,4.5
1994-10-10,7.874486089324541,reconstitué,0.5
1994-10-12,10.90906904412017,reconstitué,34.0
1994-10-13,8.802283283425153,reconstitué,4.0
1994-10-15,8.985990877174,reconstitué,5.2
1994-10-18,9.269427463234779,reconstitué,7.5
1994-10-20,10.406404347005425,reconstitué,23.4
1994-10-21,9.60299962912424,reconstitué,11.0
1994-10-22,8.416115274487149,reconstitué,2.1
1994-10-24,8.364314069480804,reconstitué,1.9
1994-10-25,9.154798470613404,reconstitué,6.5
1994-10-26,9.105541177183628,reconstitué,6.1
1994-10-27,10.276199051081015,reconstitué,21.0
1994-10-30,8.867213485844186,reconstitué,4.4
1995-02-01,18.680652033214464,reconstitué,4.0
1995-02-02,200.95484027174248,reconstitué,1357.0
1995-03-25,18.836162346442865,reconstitué,19.8
1995-03-27,17.481198001094192,reconstitué,9.2
1995-03-31,17.194536257804142,reconstitué,7.6
1995-04-10,12.41431466991573,reconstitué,2.8
1995-04-14,13.28941331930291,reconstitué,6.9
1995-04-16,12.078171977679565,reconstitué,1.8
1995-04-18,11.722909777067555,reconstitué,1.0
1995-04-24,13.48765424481802,reconstitué,8.2
1995-05-06,10.295465772088482,reconstitué,11.7
1995-05-12,10.488473121562237,reconstitué,14.1
1995-05-13,8.402875409880107,reconstitué,0.5
1995-05-16,10.142239627864766,reconstitué,10.0
1995-05-18,12.987509161614419,reconstitué,68.9
1995-05-22,8.94970709150345,reconstitué,2.0
1995-05-24,9.253602562500832,reconstitué,3.3
1995-05-26,9.58055949574577,reconstitué,5.2
1995-05-31,9.58055949574577,reconstitué,5.2
1995-06-06,6.94129152536944,reconstitué,3.0
1995-06-09,6.146660746688025,reconstitué,0.1
1995-06-10,6.731370723095309,reconstitué,1.9
1995-06-13,8.832372885389164,reconstitué,34.0
1995-06-14,6.2430574085379975,reconstitué,0.3
1995-06-20,7.975518094811559,reconstitué,14.5
1995-06-24,7.432494008286309,reconstitué,7.0
1995-06-25,7.7540550542584095,reconstitué,11.0
1995-06-27,7.522740366345327,reconstitué,8.0
1995-07-08,7.369060287943104,reconstitué,31.8
1995-07-09,5.2876693039482054,reconstitué,0.5
1995-07-13,5.554174489640071,reconstitué,1.5
1995-07-15,6.01297966862468,reconstitué,4.6
1995-07-16,5.381015156602162,reconstitué,0.8
1995-07-18,7.001160567676623,reconstitué,21.3
1995-07-22,6.228236775543737,reconstitué,6.9
1995-07-25,6.755871413309889,reconstitué,15.6
1995-07-26,6.236390471768921,reconstitué,7.0
1995-07-27,6.150915782248185,reconstitué,6.0
1995-07-28,5.2876693039482054,reconstitué,0.5
1995-07-30,7.028444276615405,reconstitué,22.0
1995-07-31,6.6618426036805625,reconstitué,13.7
1995-08-06,6.641275311590817,reconstitué,15.7
1995-08-07,5.386252431220608,reconstitué,1.2
1995-08-08,8.025600092954011,reconstitué,61.1
1995-08-09,8.113654394189515,reconstitué,64.8
1995-08-10,5.789804476831728,reconstitué,3.6
1995-08-14,7.283627912130375,reconstitué,33.2
1995-08-18,6.360917401971381,reconstitué,10.4
1995-08-19,6.284691266808661,reconstitué,9.2
1995-08-20,6.673448256041561,reconstitué,16.4
1995-08-21,6.1866637209769415,reconstitué,7.8
1995-08-25,7.049970531115509,reconstitué,26.0
1995-08-26,6.617738409503426,reconstitué,15.2
1995-08-27,5.635438272968148,reconstitué,2.5
1995-08-28,7.3139928432018335,reconstitué,34.2
1995-08-30,6.0925096474419025,reconstitué,6.6
1995-08-31,6.1866637209769415,reconstitué,7.8
1995-09-06,6.344513869897063,reconstitué,1.6
1995-09-07,5.8983324485118755,reconstitué,0.2
1995-09-10,6.857192809228117,reconstitué,4.8
1995-09-12,7.505106008690837,reconstitué,12.8
1995-09-14,6.62792918476471,reconstitué,3.1
1995-09-15,6.344513869897063,reconstitué,1.6
1995-09-16,6.158815775491867,reconstitué,0.9
1995-09-18,7.528972204767252,reconstitué,13.2
1995-09-19,7.546564526986918,reconstitué,13.5
1995-09-21,6.320905218573884,reconstitué,1.5
1995-09-22,9.34948394423866,reconstitué,65.2
1995-09-24,7.109726128990298,reconstitué,7.3
1995-09-25,7.100879386487585,reconstitué,7.2
1995-09-26,6.12748908861186,reconstitué,0.8
1995-09-27,7.271447091339011,reconstitué,9.3
1995-09-30,7.391160158170912,reconstitué,11.0
1995-10-06,7.8253011553869545,reconstitué,0.4
1995-10-07,9.258455875354533,reconstitué,7.4
1995-10-10,9.652620366149387,reconstitué,11.6
1995-10-12,8.898197170586789,reconstitué,4.6
1995-10-13,10.59328964533288,reconstitué,27.1
1995-10-15,9.551535652741972,reconstitué,10.4
1995-10-18,10.050763814967443,reconstitué,17.2
1995-10-20,8.696247712626992,reconstitué,3.4
1995-10-28,9.912845000343653,reconstitué,15.1
1995-11-07,13.53209223193581,reconstitué,16.3
1995-11-08,14.050592868028136,reconstitué,23.0
1995-11-12,10.666499660820008,reconstitué,0.4
1995-11-14,12.375445007585185,reconstitué,6.2
1996-02-01,18.680652033214464,reconstitué,4.0
1996-02-02,253.5172008079415,reconstitué,1516.5
1996-03-09,16.318602663881027,reconstitué,3.9
1996-03-20,18.301902588792696,reconstitué,15.0
1996-04-06,12.775730539543828,reconstitué,4.2
1996-04-08,14.657340319558765,reconstitué,19.3
1996-04-12,12.41431466991573,reconstitué,2.8
1996-04-13,11.822075047315424,reconstitué,1.2
1996-04-14,12.581014384294589,reconstitué,3.4
1996-04-20,13.729348330500121,reconstitué,10.0
1996-04-21,12.554625356278187,reconstitué,3.3
1996-04-24,12.906013721450458,reconstitué,4.8
1996-04-26,15.62540882902799,reconstitué,33.1
1996-04-27,13.41415404948818,reconstitué,7.7
1996-04-30,12.581014384294589,reconstitué,3.4
1996-05-10,9.809444095743611,reconstitué,6.9
1996-05-13,8.584410162836145,reconstitué,0.9
1996-05-15,10.426700806633121,reconstitué,13.3
1996-05-16,9.293148542670172,reconstitué,3.5
1996-05-20,9.903806118821102,reconstitué,7.7
1996-05-21,11.404351268501834,reconstitué,29.5
1996-05-27,11.71767895731369,reconstitué,36.2
1996-05-28,11.69530906248598,reconstitué,35.7
1996-05-31,11.590467891580742,reconstitué,33.4
1996-06-07,9.77473007460195,reconstitué,64.4
1996-06-08,7.209152188872503,reconstitué,4.9
1996-06-09,8.015510191426188,reconstitué,15.2
1996-06-15,8.789063355224453,reconstitué,32.8
1996-06-18,7.767872869522893,reconstitué,11.2
1996-06-21,8.506441360628054,reconstitué,25.5
1996-06-22,6.499606340896463,reconstitué,1.0
1996-06-28,7.278756923769706,reconstitué,5.5
1996-06-30,6.871459640285919,reconstitué,2.6
1996-07-06,6.364174501387343,reconstitué,8.7
1996-07-09,6.899185983088904,reconstitué,18.8
1996-07-13,5.739067694070457,reconstitué,2.5
1996-07-14,5.94502364299588,reconstitué,4.0
1996-07-15,6.851744712043392,reconstitué,17.7
1996-07-18,5.595747955916812,reconstitué,1.7
1996-07-20,6.244464464215899,reconstitué,7.1
1996-07-21,5.2876693039482054,reconstitué,0.5
1996-07-22,5.933046045535164,reconstitué,3.9
1996-07-25,5.739067694070457,reconstitué,2.5
1996-07-30,6.244464464215899,reconstitué,7.1
1996-07-31,5.739067694070457,reconstitué,2.5
1996-08-06,6.459385097054367,reconstitué,12.1
1996-08-07,8.01117221029605,reconstitué,60.5
1996-08-08,6.528664528859969,reconstitué,13.4
1996-08-09,7.157440178487574,reconstitué,29.2
1996-08-12,8.354076448321788,reconstitué,75.2
1996-08-13,6.140936573640808,reconstitué,7.2
1996-08-15,5.120088098367495,reconstitué,0.3
1996-08-16,7.094426246896981,reconstitué,27.3
1996-08-20,5.223307288274009,reconstitué,0.6
1996-08-21,6.148734989600513,reconstitué,7.3
1996-08-22,5.6510623544840595,reconstitué,2.6
1996-08-24,7.2403657990046755,reconstitué,31.8
1996-08-25,5.253879620663272,reconstitué,0.7
1996-08-26,5.666319107601506,reconstitué,2.7
1996-08-27,5.223307288274009,reconstitué,0.6
1996-08-28,6.390928507529035,reconstitué,10.9
1996-08-30,6.0841472972160275,reconstitué,6.5
1996-08-31,6.431435689591496,reconstitué,11.6
1996-09-06,6.320905218573884,reconstitué,1.5
1996-09-07,7.720319872045229,reconstitué,16.7
1996-09-08,8.212949758296482,reconstitué,28.1
1996-09-09,7.63637021429771,reconstitué,15.1
1996-09-10,7.4432189171933665,reconstitué,11.8
1996-09-13,8.525641461834914,reconstitué,37.0
1996-09-14,6.320905218573884,reconstitué,1.5
1996-09-15,7.808999351662718,reconstitué,18.5
1996-09-16,6.643444806757103,reconstitué,3.2
1996-09-18,8.947140718289894,reconstitué,50.7
1996-09-19,6.12748908861186,reconstitué,0.8
1996-09-20,5.8983324485118755,reconstitué,0.2
1996-09-21,5.8983324485118755,reconstitué,0.2
1996-09-24,8.574669652990728,reconstitué,38.5
1996-09-25,7.552372206872495,reconstitué,13.6
1996-09-26,7.874417668486095,reconstitué,19.9
1996-09-30,7.694648781482234,reconstitué,16.2
1996-10-06,9.213521652340848,reconstitué,7.0
1996-10-07,9.899094894840532,reconstitué,14.9
1996-10-08,7.8253011553869545,reconstitué,0.4
1996-10-09,7.77286406590458,reconstitué,0.3
1996-10-10,9.568906494466919,reconstitué,10.6
1996-10-13,9.80670582235293,reconstitué,13.6
1996-10-15,8.219739189084503,reconstitué,1.4
1996-10-19,11.663517493134647,reconstitué,53.3
1996-10-20,9.993022251172686,reconstitué,16.3
1996-10-25,10.236618189767967,reconstitué,20.3
1996-10-30,8.732871610982865,reconstitué,3.6
1996-10-31,7.874486089324541,reconstitué,0.5
1997-01-16,21.004694420871402,reconstitué,18.5
1997-02-01,18.680652033214464,reconstitué,4.0
1997-02-02,328.6683752402339,reconstitué,1695.6
1997-04-06,14.294605816075052,reconstitué,15.2
1997-04-07,14.754481113029511,reconstitué,20.5
1997-04-08,12.322380914962556,reconstitué,2.5
1997-04-25,11.556301946507098,reconstitué,0.7
1997-04-26,12.86387416415364,reconstitué,4.6
1997-04-27,13.530290920804651,reconstitué,8.5
1997-04-30,14.265777951388364,reconstitué,14.9
1997-05-06,8.451972308028722,reconstitué,0.6
1997-05-07,9.707227853202161,reconstitué,6.1
1997-05-08,8.350761991570216,reconstitué,0.4
1997-05-09,10.320934101796386,reconstitué,12.0
1997-05-12,9.948476144192043,reconstitué,8.1
1997-05-13,8.893182155790871,reconstitué,1.8
1997-05-14,10.488473121562237,reconstitué,14.1
1997-05-21,9.733607644768375,reconstitué,6.3
1997-05-22,8.863590667135385,reconstitué,1.7
1997-05-25,10.850458708572072,reconstitué,19.4
1997-05-28,10.473246826853304,reconstitué,13.9
1997-06-07,7.998517409068454,reconstitué,14.9
1997-06-08,6.2430574085379975,reconstitué,0.3
1997-06-09,6.2430574085379975,reconstitué,0.3
1997-06-10,7.916180240125935,reconstitué,13.5
1997-06-12,7.079009758556773,reconstitué,3.9
1997-06-14,8.332817566632057,reconstitué,21.5
1997-06-16,6.731370723095309,reconstitué,1.9
1997-06-18,7.432494008286309,reconstitué,7.0
1997-06-19,7.22114184224412,reconstitué,5.0
1997-06-20,8.219579275287487,reconstitué,19.1
1997-06-21,9.416467574668648,reconstitué,52.0
1997-06-22,7.860288544803675,reconstitué,12.6
1997-06-27,8.18497286093922,reconstitué,18.4
1997-07-07,6.54749665599499,reconstitué,11.6
1997-07-10,5.671419435211145,reconstitué,2.1
1997-07-12,7.536846662161571,reconstitué,37.3
1997-07-14,5.485990175019192,reconstitué,1.2
1997-07-15,6.530073666331958,reconstitué,11.3
1997-07-16,6.228236775543737,reconstitué,6.9
1997-07-19,5.175858477225356,reconstitué,0.2
1997-07-20,6.692390361151586,reconstitué,14.3
1997-07-21,7.431553872018789,reconstitué,33.8
1997-07-22,7.024577501817424,reconstitué,21.9
1997-07-24,5.381015156602162,reconstitué,0.8
1997-07-28,6.044728478014113,reconstitué,4.9
1997-07-30,5.509579982033956,reconstitué,1.3
1997-07-31,6.587019908957297,reconstitué,12.3
1997-08-08,5.080889756349057,reconstitué,0.2
1997-08-10,9.790535049637437,reconstitué,142.1
1997-08-15,5.282891656921995,reconstitué,0.8
1997-08-19,7.51050129884277,reconstitué,41.0
1997-08-21,6.636606182391903,reconstitué,15.6
1997-08-22,5.513805860609447,reconstitué,1.8
1997-08-24,5.861236759678869,reconstitué,4.2
1997-08-25,6.655171514448616,reconstitué,16.0
1997-08-26,5.861236759678869,reconstitué,4.2
1997-08-27,5.336861482729342,reconstitué,1.0
1997-08-30,6.93509650557642,reconstitué,22.8
1997-09-06,8.435045584233205,reconstitué,34.3
1997-09-07,5.8983324485118755,reconstitué,0.2
1997-09-08,8.587599509325258,reconstitué,38.9
1997-09-09,7.7994138591859485,reconstitué,18.3
1997-09-10,8.65139787784212,reconstitué,40.9
1997-09-12,6.796320142247262,reconstitué,4.3
1997-09-13,7.055330669894741,reconstitué,6.7
1997-09-14,9.494804039590674,reconstitué,70.7
1997-09-15,7.842065177903374,reconstitué,19.2
1997-09-16,7.3777532439426645,reconstitué,10.8
1997-09-20,8.59725856452999,reconstitué,39.2
1997-09-22,6.094577018316226,reconstitué,0.7
1997-09-24,6.271093886274235,reconstitué,1.3
1997-09-25,8.40410923903956,reconstitué,33.4
1997-09-26,7.552372206872495,reconstitué,13.6
1997-09-27,5.8983324485118755,reconstitué,0.2
1997-10-07,8.250634459861487,reconstitué,1.5
1997-10-08,8.658192779500336,reconstitué,3.2
1997-10-09,9.53393870241263,reconstitué,10.2
1997-10-12,9.373989461905335,reconstitué,8.5
1997-10-13,9.013714553488724,reconstitué,5.4
1997-10-16,7.71667505022222,reconstitué,0.2
1997-10-21,10.432564187492776,reconstitué,23.9
1997-10-26,10.213639767800885,reconstitué,19.9
1997-10-30,9.166785514038915,reconstitué,6.6
1997-11-08,12.219301923785647,reconstitué,5.3
1997-11-13,10.522902700586299,reconstitué,0.2
1997-11-14,14.35119688925587,reconstitué,27.5
1998-02-01,18.680652033214464,reconstitué,4.0
1998-02-02,219.37318152776822,reconstitué,1417.1
1998-02-16,19.159425917245233,reconstitué,5.6
1998-04-08,12.606902684395287,reconstitué,3.5
1998-04-09,12.322380914962556,reconstitué,2.5
1998-04-10,12.581014384294589,reconstitué,3.4
1998-04-12,11.361126230403338,reconstitué,0.4
1998-04-15,11.868709449732494,reconstitué,1.3
1998-04-20,14.313624533927875,reconstitué,15.4
1998-04-22,11.124145689032677,reconstitué,0.1
1998-04-24,13.458633134258838,reconstitué,8.0
1998-04-26,12.257261195134106,reconstitué,2.3
1998-04-27,11.868709449732494,reconstitué,1.3
1998-04-28,14.522018571340883,reconstitué,17.7
1998-04-30,11.361126230403338,reconstitué,0.4
1998-05-06,10.043728850154245,reconstitué,9.0
1998-05-07,9.51941563714215,reconstitué,4.8
1998-05-09,9.420860942140575,reconstitué,4.2
1998-05-10,9.609933847304536,reconstitué,5.4
1998-05-20,10.033475815093864,reconstitué,8.9
1998-05-21,9.471247375113535,reconstitué,4.5
1998-05-22,11.24205101951635,reconstitué,26.3
1998-05-26,9.21247148867022,reconstitué,3.1
1998-05-28,10.748425588235033,reconstitué,17.8
1998-05-30,8.295202783487998,reconstitué,0.3
1998-05-31,10.728681772800048,reconstitué,17.5
1998-06-06,9.285570104756347,reconstitué,47.7
1998-06-07,9.197922321970884,reconstitué,44.9
1998-06-08,6.499606340896463,reconstitué,1.0
1998-06-09,8.481416357943075,reconstitué,24.9
1998-06-10,6.662144155505921,reconstitué,1.6
1998-06-14,9.03569635456799,reconstitué,39.9
1998-06-19,8.38668514816208,reconstitué,22.7
1998-06-21,7.952109200214358,reconstitué,14.1
1998-06-26,9.232603352225807,reconstitué,46.0
1998-06-28,9.313318111521555,reconstitué,48.6
1998-06-30,6.326958645816165,reconstitué,0.5
1998-07-07,7.020700578046879,reconstitué,21.8
1998-07-08,5.509579982033956,reconstitué,1.3
1998-07-12,6.469663598930217,reconstitué,10.3
1998-07-13,6.731868621659871,reconstitué,15.1
1998-07-14,6.391706644226761,reconstitué,9.1
1998-07-15,5.3515500228389765,reconstitué,0.7
1998-07-16,5.739067694070457,reconstitué,2.5
1998-07-18,5.4358278599370085,reconstitué,1.0
1998-07-19,6.807026090414805,reconstitué,16.7
1998-07-20,5.671419435211145,reconstitué,2.1
1998-07-21,5.615535679008593,reconstitué,1.8
1998-07-22,6.969334864642605,reconstitué,20.5
1998-07-25,7.154444267658451,reconstitué,25.4
1998-07-26,6.651468435176973,reconstitué,13.5
1998-07-27,7.132922249116184,reconstitué,24.8
1998-07-30,5.320500224911354,reconstitué,0.6
1998-07-31,6.177525210822127,reconstitué,6.3
1998-08-06,7.9138049758376665,reconstitué,56.5
1998-08-07,5.861236759678869,reconstitué,4.2
1998-08-08,5.666319107601506,reconstitué,2.7
1998-08-09,5.253879620663272,reconstitué,0.7
1998-08-10,5.36207610992237,reconstitué,1.1
1998-08-12,5.336861482729342,reconstitué,1.0
1998-08-13,5.120088098367495,reconstitué,0.3
1998-08-14,5.5326929330570245,reconstitué,1.9
1998-08-15,5.513805860609447,reconstitué,1.8
1998-08-18,6.731005197901383,reconstitué,17.7
1998-08-20,6.486582448902639,reconstitué,12.6
1998-08-21,7.227834771287179,reconstitué,31.4
1998-08-22,6.278041325035311,reconstitué,9.1
1998-08-26,6.834851827898648,reconstitué,20.2
1998-08-27,5.253879620663272,reconstitué,0.7
1998-08-31,7.255921090608978,reconstitué,32.3
1998-09-06,7.770269837668761,reconstitué,17.7
1998-09-12,6.217318160250564,reconstitué,1.1
1998-09-13,6.92480293649421,reconstitué,5.4
1998-09-15,6.158815775491867,reconstitué,0.9
1998-09-16,8.435045584233205,reconstitué,34.3
1998-09-18,8.29069160411408,reconstitué,30.2
1998-09-20,7.505106008690837,reconstitué,12.8
1998-09-21,5.984298597495971,reconstitué,0.4
1998-09-22,6.688188726779565,reconstitué,3.5
1998-09-24,7.569631201580872,reconstitué,13.9
1998-09-26,8.894609284999252,reconstitué,48.9
1998-09-27,6.217318160250564,reconstitué,1.1
1998-09-28,8.136039685301377,reconstitué,26.1
1998-09-30,6.808862734197903,reconstitué,4.4
1998-10-06,8.818909297530652,reconstitué,4.1
1998-10-08,9.42313268896281,reconstitué,9.0
1998-10-12,10.753385745810036,reconstitué,30.5
1998-10-13,9.98648530926347,reconstitué,16.2
1998-10-14,9.080076569265632,reconstitué,5.9
1998-10-15,9.19038994611832,reconstitué,6.8
1998-10-16,9.652620366149387,reconstitué,11.6
1998-10-18,9.322828949941645,reconstitué,8.0
1998-10-22,10.02533793384929,reconstitué,16.8
1998-10-24,8.416115274487149,reconstitué,2.1
1998-10-25,8.46510215670421,reconstitué,2.3
1998-10-26,9.676792797555711,reconstitué,11.9
1998-10-30,8.280466153751878,reconstitué,1.6
1998-10-31,9.301751036609485,reconstitué,7.8
1999-02-01,18.680652033214464,reconstitué,4.0
1999-02-02,153.44127579694884,reconstitué,1173.0
1999-02-22,23.573088630799944,reconstitué,42.0
1999-02-25,21.71786582324775,reconstitué,21.7
1999-03-06,14.52660995331658,reconstitué,0.3
1999-03-14,16.993634914396086,reconstitué,6.6
1999-04-06,15.358512180845658,reconstitué,28.9
1999-04-12,13.273132921261606,reconstitué,6.8
1999-04-20,14.094959152595184,reconstitué,13.2
1999-04-21,14.052719683846535,reconstitué,12.8
1999-04-22,12.472218540285306,reconstitué,3.0
1999-04-24,11.998651443581569,reconstitué,1.6
1999-04-27,11.287680410160599,reconstitué,0.3
1999-04-28,12.946978170436068,reconstitué,5.0
1999-05-06,9.147462409201355,reconstitué,2.8
1999-05-09,9.21247148867022,reconstitué,3.1
1999-05-15,10.033475815093864,reconstitué,8.9
1999-05-22,10.850458708572072,reconstitué,19.4
1999-05-25,10.450140032451687,reconstitué,13.6
1999-05-26,9.293148542670172,reconstitué,3.5
1999-05-27,8.498405631300358,reconstitué,0.7
1999-06-07,7.531329880103423,reconstitué,8.1
1999-06-09,7.629164722289227,reconstitué,9.3
1999-06-10,6.365216192225293,reconstitué,0.6
1999-06-13,6.435733641620175,reconstitué,0.8
1999-06-14,7.005421981050724,reconstitué,3.4
1999-06-15,7.050365951842134,reconstitué,3.7
1999-06-16,6.286350550504439,reconstitué,0.4
1999-06-18,6.435733641620175,reconstitué,0.8
1999-06-21,7.581399469968592,reconstitué,8.7
1999-06-24,6.585548956915755,reconstitué,1.3
1999-06-27,6.94129152536944,reconstitué,3.0
1999-06-30,6.40139821363564,reconstitué,0.7
1999-07-06,7.359522708443772,reconstitué,31.5
1999-07-07,5.461436278332945,reconstitué,1.1
1999-07-10,5.175858477225356,reconstitué,0.2
1999-07-13,7.3817085020986415,reconstitué,32.2
1999-07-14,5.252821246694718,reconstitué,0.4
1999-07-15,6.132664439528505,reconstitué,5.8
1999-07-16,5.4358278599370085,reconstitué,1.0
1999-07-18,6.384902156555051,reconstitué,9.0
1999-07-20,7.640590729112271,reconstitué,40.9
1999-07-22,5.320500224911354,reconstitué,0.6
1999-07-25,6.132664439528505,reconstitué,5.8
1999-07-27,5.4358278599370085,reconstitué,1.0
1999-07-31,6.075182458558881,reconstitué,5.2
1999-08-07,7.070632483209005,reconstitué,26.6
1999-08-08,5.409479488051546,reconstitué,1.3
1999-08-12,5.849825721603846,reconstitué,4.1
1999-08-16,5.9051381902104945,reconstitué,4.6
1999-08-18,5.936398785074258,reconstitué,4.9
1999-08-21,5.7100674492500385,reconstitué,3.0
1999-08-24,5.777149176629986,reconstitué,3.5
1999-08-25,5.1909812219121365,reconstitué,0.5
1999-08-26,6.067153447796333,reconstitué,6.3
1999-08-27,5.666319107601506,reconstitué,2.7
1999-08-28,5.985724935307837,reconstitué,5.4
1999-08-30,5.453388247536799,reconstitué,1.5
1999-08-31,5.936398785074258,reconstitué,4.9
1999-09-06,6.320905218573884,reconstitué,1.5
1999-09-07,7.614513349456487,reconstitué,14.7
1999-09-09,7.0268686572680705,reconstitué,6.4
1999-09-12,6.545152287806003,reconstitué,2.6
1999-09-13,6.244744459423832,reconstitué,1.2
1999-09-14,6.808862734197903,reconstitué,4.4
1999-09-15,6.527427890091527,reconstitué,2.5
1999-09-16,6.612089327640787,reconstitué,3.0
1999-09-18,6.5092635158222185,reconstitué,2.4
1999-09-20,8.79334481909223,reconstitué,45.5
1999-09-21,5.8983324485118755,reconstitué,0.2
1999-09-22,7.278880926151235,reconstitué,9.4
1999-09-24,7.2639587555010205,reconstitué,9.2
1999-09-25,7.486884369030263,reconstitué,12.5
1999-09-26,5.8983324485118755,reconstitué,0.2
1999-09-27,6.673561287926935,reconstitué,3.4
1999-09-28,7.4432189171933665,reconstitué,11.8
1999-10-06,10.748811428816953,reconstitué,30.4
1999-10-08,8.61857225895556,reconstitué,3.0
1999-10-09,10.347723277040192,reconstitué,22.3
1999-10-10,9.054012471445592,reconstitué,5.7
1999-10-12,10.744229537763067,reconstitué,30.3
1999-10-14,9.42313268896281,reconstitué,9.0
1999-10-15,10.776145423570942,reconstitué,31.0
1999-10-19,7.77286406590458,reconstitué,0.3
1999-10-20,8.943007791765964,reconstitué,4.9
1999-10-21,9.498034310315205,reconstitué,9.8
1999-10-22,7.8253011553869545,reconstitué,0.4
2000-01-02,19.190986663544845,reconstitué,7.0
2000-03-23,15.793426732184766,reconstitué,2.4
2000-03-30,18.986730192098136,reconstitué,21.3
2000-04-04,13.741877483001112,reconstitué,10.1
2000-04-05,11.956867789137013,reconstitué,1.5
2000-04-12,13.729348330500121,reconstitué,10.0
2000-04-16,13.67836757496856,reconstitué,9.6
2000-04-20,11.494919978836942,reconstitué,0.6
2000-04-22,12.257261195134106,reconstitué,2.3
2000-04-26,12.632311515424226,reconstitué,3.6
2000-04-30,11.20897946801906,reconstitué,0.2
2000-05-02,8.498405631300358,reconstitué,0.7
2000-05-04,9.707227853202161,reconstitué,6.1
2000-05-05,8.235668258497244,reconstitué,0.2
2000-05-15,8.402875409880107,reconstitué,0.5
2000-05-16,11.011879412833167,reconstitué,22.1
2000-05-17,9.85751386348142,reconstitué,7.3
2000-05-20,10.812812991264801,reconstitué,18.8
2000-05-26,10.569837252308103,reconstitué,15.2
2000-05-28,10.410883190543982,reconstitué,13.1
2000-06-04,6.709018079176097,reconstitué,1.8
2000-06-05,7.184664849267697,reconstitué,4.7
2000-06-06,8.092134089957458,reconstitué,16.6
2000-06-08,7.469592629039029,reconstitué,7.4
2000-06-09,6.2430574085379975,reconstitué,0.3
2000-06-11,7.725907059520899,reconstitué,10.6
2000-06-12,7.505338006617634,reconstitué,7.8
2000-06-14,7.916180240125935,reconstitué,13.5
2000-06-16,7.432494008286309,reconstitué,7.0
2000-06-17,7.853919077360418,reconstitué,12.5
2000-06-20,7.597563776274297,reconstitué,8.9
2000-06-22,8.408650976329572,reconstitué,23.2
2000-06-26,8.309862373737808,reconstitué,21.0
2000-06-28,8.493969493840533,reconstitué,25.2
2000-06-29,7.092967134021128,reconstitué,4.0
2000-06-30,8.291268276636016,reconstitué,20.6
2000-07-03,7.241295385747024,reconstitué,27.9
2000-07-04,5.856547521556834,reconstitué,3.3
2000-07-05,6.500337042014692,reconstitué,10.8
2000-07-06,7.597870394790764,reconstitué,39.4
2000-07-08,5.509579982033956,reconstitué,1.3
2000-07-11,5.252821246694718,reconstitué,0.4
2000-07-12,5.532284856398626,reconstitué,1.4
2000-07-15,6.391706644226761,reconstitué,9.1
2000-07-16,6.411819788525866,reconstitué,9.4
2000-07-24,6.864856752122639,reconstitué,18.0
2000-07-26,5.175858477225356,reconstitué,0.2
2000-08-02,6.878123424348253,reconstitué,21.3
2000-08-04,7.44863789334959,reconstitué,38.8
2000-08-05,5.777149176629986,reconstitué,3.5
2000-08-06,5.080889756349057,reconstitué,0.2
2000-08-08,6.56416715777169,reconstitué,14.1
2000-08-09,5.586147781981274,reconstitué,2.2
2000-08-10,7.157440178487574,reconstitué,29.2
2000-08-11,6.617738409503426,reconstitué,15.2
2000-08-14,6.677973883061109,reconstitué,16.5
2000-08-16,5.551022648061364,reconstitué,2.0
2000-08-17,6.878123424348253,reconstitué,21.3
2000-08-21,5.494322421490173,reconstitué,1.7
2000-08-22,7.000732950448972,reconstitué,24.6
2000-08-23,5.336861482729342,reconstitué,1.0
2000-08-26,5.156669037595924,reconstitué,0.4
2000-08-27,7.295825612591106,reconstitué,33.6
2000-08-29,5.8382271523924745,reconstitué,4.0
2000-08-30,6.2158224626071,reconstitué,8.2
2000-09-02,6.880338592085158,reconstitué,5.0
2000-09-03,5.942800150691694,reconstitué,0.3
2000-09-04,6.0232233048877974,reconstitué,0.5
2000-09-05,8.201601807918255,reconstitué,27.8
2000-09-06,7.1527535491325125,reconstitué,7.8
2000-09-08,8.61967167078615,reconstitué,39.9
2000-09-09,5.984298597495971,reconstitué,0.4
2000-09-11,7.735494063633999,reconstitué,17.0
2000-09-12,7.534864911514254,reconstitué,13.3
2000-09-14,7.336505690852338,reconstitué,10.2
2000-09-15,6.217318160250564,reconstitué,1.1
2000-09-16,7.0268686572680705,reconstitué,6.4
2000-09-17,5.984298597495971,reconstitué,0.4
2000-09-18,6.367342097344913,reconstitué,1.7
2000-09-20,7.410968564726564,reconstitué,11.3
2000-09-21,6.658650927177531,reconstitué,3.3
2000-09-23,7.897115877763359,reconstitué,20.4
2000-09-24,6.059894904185256,reconstitué,0.6
2000-09-27,7.248814373501732,reconstitué,9.0
2000-09-29,8.358706824602205,reconstitué,32.1
2000-09-30,6.78358004711347,reconstitué,4.2
2000-10-05,8.187693277957688,reconstitué,1.3
2000-10-08,7.874486089324541,reconstitué,0.5
2000-10-09,7.874486089324541,reconstitué,0.5
2000-10-10,9.343548748103613,reconstitué,8.2
2000-10-11,10.379929008495548,reconstitué,22.9
2000-10-12,8.119742721379447,reconstitué,1.1
2000-10-16,8.658192779500336,reconstitué,3.2
2000-10-18,10.816657613342679,reconstitué,31.9
2000-10-20,8.957529780657358,reconstitué,5.0
2000-10-22,9.213521652340848,reconstitué,7.0
2000-10-23,9.393877446907595,reconstitué,8.7
2000-11-02,13.256549488165419,reconstitué,13.3
2001-04-01,12.290232787257978,reconstitué,2.4
2001-04-05,13.665398417157,reconstitué,9.5
2001-04-19,13.4732050469174,reconstitué,8.1
2001-04-27,12.15289442983251,reconstitué,2.0
2001-04-28,12.946978170436068,reconstitué,5.0
2001-04-29,11.998651443581569,reconstitué,1.6
2001-05-01,8.350761991570216,reconstitué,0.4
2001-05-02,11.04617566803646,reconstitué,22.7
2001-05-05,8.734731039891066,reconstitué,1.3
2001-05-08,9.720490844164159,reconstitué,6.2
2001-05-13,9.003055219395563,reconstitué,2.2
2001-05-14,10.207297293037268,reconstitué,10.7
2001-05-15,8.295202783487998,reconstitué,0.3
2001-05-17,10.722054465053716,reconstitué,17.4
2001-05-21,10.518514361047902,reconstitué,14.5
2001-05-23,11.05749308333284,reconstitué,22.9
2001-05-27,8.699453736715526,reconstitué,1.2
2001-05-31,9.233244209993172,reconstitué,3.2
2001-06-02,6.286350550504439,reconstitué,0.4
2001-06-04,8.36444320484205,reconstitué,22.2
2001-06-05,6.709018079176097,reconstitué,1.8
2001-06-08,7.718759135656824,reconstitué,10.5
2001-06-09,7.0206820169224065,reconstitué,3.5
2001-06-11,6.326958645816165,reconstitué,0.5
2001-06-15,6.794633952856061,reconstitué,2.2
2001-06-25,8.272461550348618,reconstitué,20.2
2001-06-26,7.674879871167965,reconstitué,9.9
2001-06-27,8.803583143604172,reconstitué,33.2
2001-06-28,7.120198752887485,reconstitué,4.2
2001-07-03,7.346735776522648,reconstitué,31.1
2001-07-04,6.619734006909429,reconstitué,12.9
2001-07-08,5.2876693039482054,reconstitué,0.5
2001-07-09,7.330636445370896,reconstitué,30.6
2001-07-10,5.509579982033956,reconstitué,1.3
2001-07-11,6.141843188222643,reconstitué,5.9
2001-07-13,7.168638857580854,reconstitué,25.8
2001-07-16,5.653333702240314,reconstitué,2.0
2001-07-17,6.313835873441114,reconstitué,8.0
2001-07-19,7.085285248626728,reconstitué,23.5
2001-07-22,6.065167331969221,reconstitué,5.1
2001-07-23,6.82958559235749,reconstitué,17.2
2001-07-26,6.01297966862468,reconstitué,4.6
2001-07-27,5.770430812297537,reconstitué,2.7
2001-07-28,5.5753105671629175,reconstitué,1.6
2001-07-29,6.104460158808097,reconstitué,5.5
2001-08-01,6.17169846743767,reconstitué,7.6
2001-08-04,5.9465295531690545,reconstitué,5.0
2001-08-05,8.190977568968806,reconstitué,68.1
2001-08-08,6.6643451305066685,reconstitué,16.2
2001-08-09,5.080889756349057,reconstitué,0.2
2001-08-11,5.568830269263172,reconstitué,2.1
2001-08-14,7.243486400634808,reconstitué,31.9
2001-08-16,5.03863685069204,reconstitué,0.1
2001-08-17,5.724030305584639,reconstitué,3.1
2001-08-22,5.120088098367495,reconstitué,0.3
2001-08-23,5.5326929330570245,reconstitué,1.9
2001-08-25,8.602113313551559,reconstitué,86.3
2001-08-26,5.253879620663272,reconstitué,0.7
2001-08-27,6.533808651878216,reconstitué,13.5
2001-08-28,6.360917401971381,reconstitué,10.4
2001-08-31,6.2158224626071,reconstitué,8.2
2001-09-01,7.248814373501732,reconstitué,9.0
2001-09-02,6.0232233048877974,reconstitué,0.5
2001-09-03,8.489113809018697,reconstitué,35.9
2001-09-04,7.045942518732205,reconstitué,6.6
2001-09-07,7.225661923238785,reconstitué,8.7
2001-09-09,8.93843367939612,reconstitué,50.4
2001-09-13,7.694648781482234,reconstitué,16.2
2001-09-14,8.8294082358119,reconstitué,46.7
2001-09-16,7.370987395042905,reconstitué,10.7
2001-09-17,7.689455488160288,reconstitué,16.1
2001-09-20,6.673561287926935,reconstitué,3.4
2001-09-21,7.540728889085597,reconstitué,13.4
2001-09-22,5.850399563388708,reconstitué,0.1
2001-09-25,8.49579292521911,reconstitué,36.1
2001-09-26,6.059894904185256,reconstitué,0.6
2001-09-27,7.704975623239999,reconstitué,16.4
2001-09-28,7.641776805719195,reconstitué,15.2
2001-09-29,7.2411561464549035,reconstitué,8.9
2001-10-01,9.247381949235336,reconstitué,7.3
2001-10-07,9.919676723938032,reconstitué,15.2
2001-10-10,8.154398363088209,reconstitué,1.2
2001-10-11,7.8253011553869545,reconstitué,0.4
2001-10-13,9.154798470613404,reconstitué,6.5
2002-03-09,19.578106688415282,reconstitué,27.8
2002-03-10,15.00969894872142,reconstitué,0.9
2002-03-21,15.260793376700805,reconstitué,1.3
2002-04-09,17.01460247504064,reconstitué,58.9
2002-04-16,13.639179607928128,reconstitué,9.3
2002-04-21,16.087061233372005,reconstitué,41.0
2002-05-06,9.759417939308127,reconstitué,6.5
2002-05-08,8.350761991570216,reconstitué,0.4
2002-05-10,9.550403817785277,reconstitué,5.0
2002-05-14,10.083982738759941,reconstitué,9.4
2002-05-15,10.688561336268773,reconstitué,16.9
2002-05-16,10.161132283845747,reconstitué,10.2
2002-05-22,11.02909295904265,reconstitué,22.4
2002-05-23,9.07791772164335,reconstitué,2.5
2002-05-24,9.003055219395563,reconstitué,2.2
2002-06-08,7.332891200773972,reconstitué,6.0
2002-06-11,6.585548956915755,reconstitué,1.3
2002-06-15,6.585548956915755,reconstitué,1.3
2002-06-20,6.794633952856061,reconstitué,2.2
2002-06-23,6.196666598962106,reconstitué,0.2
2002-06-24,8.341913121189233,reconstitué,21.7
2002-06-28,6.794633952856061,reconstitué,2.2
2002-06-29,8.009869779603818,reconstitué,15.1
2002-06-30,8.39989704004046,reconstitué,23.0
2002-07-02,6.736708971659307,reconstitué,15.2
2002-07-03,5.933046045535164,reconstitué,3.9
2002-07-04,5.461436278332945,reconstitué,1.1
2002-07-06,6.702389537028965,reconstitué,14.5
2002-07-08,6.877836431120541,reconstitué,18.3
2002-07-09,6.882134280681718,reconstitué,18.4
2002-07-11,6.707356042852867,reconstitué,14.6
2002-07-14,6.712300863071437,reconstitué,14.7
2002-07-16,5.509579982033956,reconstitué,1.3
2002-07-20,7.0964058239392385,reconstitué,23.8
2002-07-21,6.894943730326827,reconstitué,18.7
2002-07-22,5.615535679008593,reconstitué,1.8
2002-07-23,6.3571570494905085,reconstitué,8.6
2002-07-24,5.882991777677044,reconstitué,3.5
2002-07-26,7.039984580580354,reconstitué,22.3
2002-08-02,6.6689054041046365,reconstitué,16.3
2002-08-03,5.474199306885398,reconstitué,1.6
2002-08-05,5.310506175469893,reconstitué,0.9
2002-08-06,6.989983836830589,reconstitué,24.3
2002-08-08,6.164114287266226,reconstitué,7.5
2002-08-12,6.953611237932351,reconstitué,23.3
2002-08-14,6.208625793980415,reconstitué,8.1
2002-08-15,5.513805860609447,reconstitué,1.8
2002-08-16,7.340963397625286,reconstitué,35.1
2002-08-17,6.425750452060161,reconstitué,11.5
2002-08-18,5.494322421490173,reconstitué,1.7
2002-08-20,5.915707981837023,reconstitué,4.7
2002-08-21,5.282891656921995,reconstitué,0.8
2002-08-23,7.12122817059491,reconstitué,28.1
2002-08-24,8.008763294907226,reconstitué,60.4
2002-08-26,5.156669037595924,reconstitué,0.4
2002-08-28,5.82643373938388,reconstitué,3.9
2002-09-02,6.913903447512932,reconstitué,5.3
2002-09-04,7.823260957957342,reconstitué,18.8
2002-09-05,6.595909411732854,reconstitué,2.9
2002-09-06,8.051784821746859,reconstitué,24.0
2002-09-09,7.1694345028962365,reconstitué,8.0
2002-09-10,6.059894904185256,reconstitué,0.6
2002-09-14,5.984298597495971,reconstitué,0.4
2002-09-15,6.059894904185256,reconstitué,0.6
2002-09-16,8.49245550232477,reconstitué,36.0
2002-09-17,8.190189518762498,reconstitué,27.5
2002-09-18,5.850399563388708,reconstitué,0.1
2002-09-21,7.804214486531283,reconstitué,18.4
2002-09-22,7.271447091339011,reconstitué,9.3
2002-09-23,7.945930365208873,reconstitué,21.5
2002-09-26,7.055330669894741,reconstitué,6.7
2002-09-29,7.901616106093139,reconstitué,20.5
2002-10-02,11.262634673289506,reconstitué,42.6
2002-10-03,8.928282963480353,reconstitué,4.8
2002-10-04,9.98648530926347,reconstitué,16.2
2002-10-05,10.406404347005425,reconstitué,23.4
2002-10-06,8.818909297530652,reconstitué,4.1
2002-10-09,8.337240322089865,reconstitué,1.8
2002-10-12,9.224917374697148,reconstitué,7.1
2002-10-15,8.337240322089865,reconstitué,1.8
2002-10-16,8.61857225895556,reconstitué,3.0
2002-10-18,8.696247712626992,reconstitué,3.4
2002-10-21,8.882821489975054,reconstitué,4.5
2002-10-22,7.77286406590458,reconstitué,0.3
2002-10-24,7.77286406590458,reconstitué,0.3
2002-11-06,13.600065761649047,reconstitué,17.1
2003-02-17,17.63296742166731,reconstitué,1.6
2003-03-26,19.457722014561497,reconstitué,26.4
2003-04-09,11.614551210874755,reconstitué,0.8
2003-04-11,11.494919978836942,reconstitué,0.6
2003-04-17,12.581014384294589,reconstitué,3.4
2003-04-20,16.03660625666794,reconstitué,40.1
2003-04-21,12.078171977679565,reconstitué,1.8
2003-04-22,14.369762582274086,reconstitué,16.0
2003-04-23,12.986842102612842,reconstitué,5.2
2003-04-26,14.793967527610702,reconstitué,21.0
2003-04-28,13.62592641388768,reconstitué,9.2
2003-05-11,10.708729304466015,reconstitué,17.2
2003-05-14,8.451972308028722,reconstitué,0.6
2003-05-17,8.734731039891066,reconstitué,1.3
2003-05-20,9.101647609785793,reconstitué,2.6
2003-05-22,10.329329905519472,reconstitué,12.1
2003-05-25,10.793719179020531,reconstitué,18.5
2003-05-29,10.362463198986296,reconstitué,12.5
2003-06-01,8.295936429912176,reconstitué,20.7
2003-06-04,7.981305514764309,reconstitué,14.6
2003-06-05,8.043365857929352,reconstitué,15.7
2003-06-08,7.981305514764309,reconstitué,14.6
2003-06-19,9.04234428669445,reconstitué,40.1
2003-06-22,8.164839528358456,reconstitué,18.0
2003-06-23,8.531148598700002,reconstitué,26.1
2003-06-28,9.121045828215358,reconstitué,42.5
2003-06-29,7.7747201206207155,reconstitué,11.3
2003-07-01,5.814862396730151,reconstitué,3.0
2003-07-03,7.103776157883573,reconstitué,24.0
2003-07-08,5.485990175019192,reconstitué,1.2
2003-07-10,6.306401314634657,reconstitué,7.9
2003-07-15,7.158004217361916,reconstitué,25.5
2003-07-16,6.378045988520141,reconstitué,8.9
2003-07-17,6.405164511749046,reconstitué,9.3
2003-07-26,6.882134280681718,reconstitué,18.4
2003-07-28,6.614351937301126,reconstitué,12.8
2003-07-31,5.653333702240314,reconstitué,2.0
2003-08-01,5.635438272968148,reconstitué,2.5
2003-08-05,5.8944118733304816,reconstitué,4.5
2003-08-07,6.901180266642647,reconstitué,21.9
2003-08-09,6.470351177205465,reconstitué,12.3
2003-08-10,6.0925096474419025,reconstitué,6.6
2003-08-13,6.013837397352626,reconstitué,5.7
2003-08-14,6.2645907348610494,reconstitué,8.9
2003-08-15,6.854687143694738,reconstitué,20.7
2003-08-17,5.494322421490173,reconstitué,1.7
2003-08-19,6.942529619165815,reconstitué,23.0
2003-08-20,7.490976502450249,reconstitué,40.3
2003-08-21,7.246602200858999,reconstitué,32.0
2003-08-22,8.054327317438592,reconstitué,62.3
2003-08-23,7.252819516358812,reconstitué,32.2
2003-08-26,6.201368005182589,reconstitué,8.0
2003-08-27,7.144355060578761,reconstitué,28.8
2003-09-01,7.804214486531283,reconstitué,18.4
2003-09-02,6.78358004711347,reconstitué,4.2
2003-09-04,8.209174173392837,reconstitué,28.0
2003-09-08,6.987455437842332,reconstitué,6.0
2003-09-10,8.64824032171036,reconstitué,40.8
2003-09-14,8.86807391200893,reconstitué,48.0
2003-09-17,7.67375333517845,reconstitué,15.8
2003-09-19,8.778208016323653,reconstitué,45.0
2003-09-21,8.961611017226549,reconstitué,51.2
2003-09-23,7.846729496657132,reconstitué,19.3
2003-09-26,7.397802572231722,reconstitué,11.1
2003-09-28,8.74160245606844,reconstitué,43.8
2003-10-01,9.850020979733946,reconstitué,14.2
2003-10-04,10.665128615826672,reconstitué,28.6
2003-10-07,9.322828949941645,reconstitué,8.0
2003-10-08,8.971855416591342,reconstitué,5.1
2003-10-10,10.069595065511503,reconstitué,17.5
2003-10-13,9.393877446907595,reconstitué,8.7
2003-10-14,10.617462394594877,reconstitué,27.6
2003-10-15,10.130977731093028,reconstitué,18.5
2003-10-16,9.692684552882213,reconstitué,12.1
2003-10-20,9.213521652340848,reconstitué,7.0
2003-10-31,9.57750949475273,reconstitué,10.7
2003-11-02,12.925212311172086,reconstitué,10.2
2003-11-04,12.29077965984235,reconstitué,5.7
2003-11-05,10.905683566364239,reconstitué,0.8
2003-11-08,12.913465929363847,reconstitué,10.1
2003-11-15,14.140515618611252,reconstitué,24.3
2004-01-24,22.61953093653885,reconstitué,34.9
2004-03-02,17.643439163746145,reconstitué,10.2
2004-04-02,11.361126230403338,reconstitué,0.4
2004-04-06,14.415544311818099,reconstitué,16.5
2004-04-08,14.30413483879379,reconstitué,15.3
2004-04-22,12.039053868701306,reconstitué,1.7
2004-04-24,13.18916224412681,reconstitué,6.3
2004-05-05,10.78088587049698,reconstitué,18.3
2004-05-06,11.05749308333284,reconstitué,22.9
2004-05-14,8.542469173499805,reconstitué,0.8
2004-05-22,12.375409588778137,reconstitué,52.2
2004-05-27,10.269560747155502,reconstitué,11.4
2004-05-30,10.688561336268773,reconstitué,16.9
2004-06-02,8.575665863497342,reconstitué,27.2
2004-06-04,7.092967134021128,observé,4.0
2004-06-08,7.35367796062749,observé,6.2
2004-06-09,6.889515840935553,observé,2.7
2004-06-10,8.209770703009688,reconstitué,18.9
2004-06-12,9.03902211532962,observé,40.0
2004-06-21,8.286586836116204,observé,20.5
2004-06-22,6.924411872024558,reconstitué,2.9
2004-06-23,6.957816413311111,reconstitué,3.1
2004-06-26,8.63097063942709,reconstitué,28.6
2004-06-28,7.94619048886866,observé,14.0
2004-07-03,6.722126523308734,observé,14.9
2004-07-05,7.062802689375034,observé,22.9
2004-07-08,6.194784462873147,reconstitué,6.5
2004-07-09,5.895844722914402,observé,3.6
2004-07-11,6.002085832740932,observé,4.5
2004-07-14,6.482050443548096,reconstitué,10.5
2004-07-16,7.009008016794166,observé,21.5
2004-07-21,6.717224268089947,observé,14.8
2004-07-22,7.012915926308369,reconstitué,21.6
2004-07-24,7.210525685825254,observé,27.0
2004-07-27,7.498294656176426,observé,36.0
2004-07-29,7.791916867228446,observé,46.4
2004-08-03,6.049784633778784,observé,6.1
2004-08-04,6.486582448902639,reconstitué,12.6
2004-08-06,6.94992633829629,reconstitué,23.2
2004-08-12,6.156460334816756,reconstitué,7.4
2004-08-14,5.513805860609447,reconstitué,1.8
2004-08-17,5.635438272968148,observé,2.5
2004-08-18,7.6830346169213755,reconstitué,47.4
2004-08-27,6.709186828130667,observé,17.2
2004-08-28,5.310506175469893,observé,0.9
2004-08-30,6.773539927078357,observé,18.7
2004-09-03,7.760421421280147,observé,17.5
2004-09-04,7.846729496657132,observé,19.3
2004-09-05,8.479062863693041,observé,35.6
2004-09-10,7.0268686572680705,observé,6.4
2004-09-12,7.540728889085597,observé,13.4
2004-09-18,7.370987395042905,reconstitué,10.7
2004-09-21,7.357327413907825,observé,10.5
2004-09-22,6.821214829547578,observé,4.5
2004-09-24,6.410870685366305,reconstitué,1.9
2004-09-26,7.135776544413365,observé,7.6
2004-09-28,6.344513869897063,reconstitué,1.6
2004-09-29,6.244744459423832,observé,1.2
2004-09-30,8.084340526777773,observé,24.8
2004-10-02,8.154398363088209,observé,1.2
2004-10-04,8.928282963480353,observé,4.8
2004-10-11,10.082039441896603,observé,17.7
2004-10-12,10.707295692097055,reconstitué,29.5
2004-10-27,8.46510215670421,reconstitué,2.3
2004-10-28,9.80670582235293,reconstitué,13.6
2004-10-29,8.219739189084503,reconstitué,1.4
2005-02-24,18.541289913912127,reconstitué,3.6
2005-03-04,14.788476134916683,reconstitué,0.6
2005-03-09,18.033934695285904,reconstitué,12.9
2005-03-18,19.535488560202577,reconstitué,27.3
2005-03-27,15.708999292510493,reconstitué,2.2
2005-03-29,15.665064914277066,reconstitué,2.1
2005-04-09,13.4732050469174,reconstitué,8.1
2005-04-17,11.430016930712805,reconstitué,0.5
2005-04-18,14.388181020132354,reconstitué,16.2
2005-04-24,14.77823956345645,reconstitué,20.8
2005-04-29,14.415544311818099,reconstitué,16.5
2005-04-30,11.287680410160599,reconstitué,0.3
2005-05-05,8.402875409880107,reconstitué,0.5
2005-05-06,10.90564949939795,reconstitué,20.3
2005-05-07,10.518514361047902,reconstitué,14.5
2005-05-11,8.235668258497244,reconstitué,0.2
2005-05-13,8.402875409880107,reconstitué,0.5
2005-05-18,9.487538527939623,reconstitué,4.6
2005-05-19,9.959406459765184,reconstitué,8.2
2005-05-23,11.183856441821227,reconstitué,25.2
2005-05-27,8.734731039891066,reconstitué,1.3
2005-05-28,9.880871973393038,reconstitué,7.5
2005-05-31,8.350761991570216,reconstitué,0.4
2005-06-06,8.623157818262698,reconstitué,28.4
2005-06-10,6.40139821363564,reconstitué,0.7
2005-06-12,6.731370723095309,observé,1.9
2005-06-15,8.159763794717318,observé,17.9
2005-06-16,6.529447576734668,reconstitué,1.1
2005-06-18,7.82810077599528,reconstitué,12.1
2005-06-19,8.468780046800523,observé,24.6
2005-06-22,7.278756923769706,observé,5.5
2005-06-24,7.2329693825666626,observé,5.1
2005-06-25,7.244639910199052,observé,5.2
2005-06-27,6.585548956915755,reconstitué,1.3
2005-06-28,6.709018079176097,observé,1.8
2005-06-30,6.814583445459613,observé,2.3
2005-07-03,6.236390471768921,reconstitué,7.0
2005-07-04,6.944984965197126,reconstitué,19.9
2005-07-09,6.002085832740932,observé,4.5
2005-07-12,5.94502364299588,observé,4.0
2005-07-13,6.113976172547794,observé,5.6
2005-07-16,6.002085832740932,observé,4.5
2005-07-17,7.05902342998378,reconstitué,22.8
2005-07-18,6.211682326973778,observé,6.7
2005-07-19,5.381015156602162,observé,0.8
2005-07-21,6.9653059528023356,reconstitué,20.4
2005-07-23,5.689007405394765,observé,2.2
2005-07-24,5.615535679008593,observé,1.8
2005-07-25,7.6659018802416545,reconstitué,41.8
2005-07-28,6.283702969616308,observé,7.6
2005-07-29,5.933046045535164,observé,3.9
2005-07-30,6.961265425496615,observé,20.3
2005-08-04,5.603004289580888,reconstitué,2.3
2005-08-11,5.386252431220608,observé,1.2
2005-08-15,5.36207610992237,reconstitué,1.1
2005-08-16,5.310506175469893,observé,0.9
2005-08-21,6.304350968995213,observé,9.5
2005-08-22,5.386252431220608,reconstitué,1.2
2005-08-24,6.342442667755526,observé,10.1
2005-08-25,6.942529619165815,observé,23.0
2005-08-27,5.814437729121808,reconstitué,3.8
2005-08-29,6.470351177205465,observé,12.3
2005-08-30,5.849825721603846,observé,4.1
2005-08-31,7.000732950448972,reconstitué,24.6
2005-09-03,7.663180938200274,observé,15.6
2005-09-05,7.1527535491325125,observé,7.8
2005-09-06,6.296454857894096,reconstitué,1.4
2005-09-07,7.641776805719195,observé,15.2
2005-09-10,6.702545255433317,reconstitué,3.6
2005-09-11,8.44186779732947,reconstitué,34.5
2005-09-18,7.357327413907825,observé,10.5
2005-09-19,6.612089327640787,reconstitué,3.0
2005-09-21,6.987455437842332,observé,6.0
2005-09-22,6.45186589641965,reconstitué,2.1
2005-09-23,7.915040134689128,observé,20.8
2005-09-25,6.977321499380277,reconstitué,5.9
2005-09-27,6.62792918476471,reconstitué,3.1
2005-09-29,8.29069160411408,observé,30.2
2005-09-30,7.322394332784422,observé,10.0
2005-10-04,8.943007791765964,reconstitué,4.9
2005-10-05,9.799367286737823,observé,13.5
2005-10-07,10.798722929479297,reconstitué,31.5
2005-10-09,10.35312481329335,observé,22.4
2005-10-11,8.768182242197417,observé,3.8
2005-10-12,9.652620366149387,reconstitué,11.6
2005-10-13,8.006235459532906,reconstitué,0.8
2005-10-15,8.006235459532906,observé,0.8
2005-10-19,9.40370456432879,reconstitué,8.8
2006-02-15,18.7791959812063,reconstitué,4.3
2006-02-16,19.888162835809716,reconstitué,8.8
2006-03-06,18.28970903972668,reconstitué,14.9
2006-03-26,14.866037874672994,reconstitué,0.7
2006-03-30,16.02338240404448,reconstitué,3.0
2006-04-06,12.681769223669326,reconstitué,3.8
2006-04-21,14.863689610198573,reconstitué,21.9
2006-04-25,13.652336343598458,reconstitué,9.4
2006-04-28,11.20897946801906,reconstitué,0.2
2006-05-03,9.869247134180023,reconstitué,7.4
2006-05-06,8.584410162836145,reconstitué,0.9
2006-05-07,9.33124270359253,reconstitué,3.7
2006-05-09,10.640623639012919,reconstitué,16.2
2006-05-10,8.295202783487998,reconstitué,0.3
2006-05-14,9.915120101136464,reconstitué,7.8
2006-05-15,8.699453736715526,reconstitué,1.2
2006-05-16,8.295202783487998,reconstitué,0.3
2006-05-17,8.235668258497244,reconstitué,0.2
2006-05-20,9.147462409201355,reconstitué,2.8
2006-05-21,10.654449485381523,reconstitué,16.4
2006-05-22,9.312369439456365,reconstitué,3.6
2006-05-28,11.955207261124219,reconstitué,41.7
2006-05-31,10.88130293592403,reconstitué,19.9
2006-06-01,7.841079012060577,reconstitué,12.3
2006-06-08,6.196666598962106,observé,0.2
2006-06-09,8.253434141280511,observé,19.8
2006-06-12,6.957816413311111,observé,3.1
2006-06-13,6.326958645816165,observé,0.5
2006-06-14,7.2329693825666626,observé,5.1
2006-06-15,6.924411872024558,observé,2.9
2006-06-16,6.146660746688025,reconstitué,0.1
2006-06-19,7.133489822548347,observé,4.3
2006-06-21,6.2430574085379975,observé,0.3
2006-06-24,6.558059988888852,reconstitué,1.2
2006-06-26,7.581399469968592,reconstitué,8.7
2006-07-01,6.055017464087859,reconstitué,5.0
2006-07-02,6.635718586481602,observé,13.2
2006-07-03,6.321207011262874,observé,8.1
2006-07-04,7.416101785409146,observé,33.3
2006-07-08,5.2876693039482054,observé,0.5
2006-07-13,5.252821246694718,observé,0.4
2006-07-14,6.141843188222643,observé,5.9
2006-07-15,6.692390361151586,observé,14.3
2006-07-16,6.924359540199883,reconstitué,19.4
2006-07-19,6.6618426036805625,observé,13.7
2006-07-21,6.113976172547794,observé,5.6
2006-07-22,6.635718586481602,observé,13.2
2006-07-24,6.132664439528505,observé,5.8
2006-07-25,5.175858477225356,observé,0.2
2006-07-26,6.306401314634657,observé,7.9
2006-07-27,5.7549357857717,observé,2.6
2006-07-28,6.692390361151586,observé,14.3
2006-07-30,5.3515500228389765,observé,0.7
2006-07-31,6.932647178403752,observé,19.6
2006-08-01,5.080889756349057,observé,0.2
2006-08-02,5.1909812219121365,observé,0.5
2006-08-04,6.608186504632695,reconstitué,15.0
2006-08-06,5.36207610992237,observé,1.1
2006-08-07,5.985724935307837,observé,5.4
2006-08-10,6.9163504244061835,observé,22.3
2006-08-12,6.96826281099779,observé,23.7
2006-08-13,7.3910447750451596,observé,36.8
2006-08-14,5.777149176629986,observé,3.5
2006-08-15,5.976117020439949,observé,5.3
2006-08-16,6.574101304533187,observé,14.3
2006-08-18,6.559166088082283,observé,14.0
2006-08-19,5.494322421490173,observé,1.7
2006-08-20,5.883523483905659,reconstitué,4.4
2006-08-21,5.635438272968148,reconstitué,2.5
2006-08-26,5.223307288274009,observé,0.6
2006-08-30,6.735323401963756,observé,17.8
2006-08-31,6.71358135867523,observé,17.3
2006-09-02,7.641776805719195,reconstitué,15.2
2006-09-04,8.414465016184138,reconstitué,33.7
2006-09-08,6.579372412282611,observé,2.8
2006-09-09,6.471511370141,observé,2.2
2006-09-10,5.984298597495971,observé,0.4
2006-09-12,7.370987395042905,observé,10.7
2006-09-13,7.755471333122671,reconstitué,17.4
2006-09-15,7.950295435928529,observé,21.6
2006-09-16,7.694648781482234,observé,16.2
2006-09-18,6.12748908861186,observé,0.8
2006-09-19,6.96706898789754,observé,5.8
2006-09-20,7.492989793442989,reconstitué,12.6
2006-09-21,7.193928269212502,reconstitué,8.3
2006-09-25,8.227982585833834,observé,28.5
2006-09-27,6.12748908861186,reconstitué,0.8
2006-09-28,8.035281076667003,observé,23.6
2006-09-30,6.12748908861186,observé,0.8
2006-10-01,10.166847253148328,observé,19.1
2006-10-02,9.09288172894908,observé,6.0
2006-10-08,10.082039441896603,observé,17.7
2006-10-09,9.343548748103613,observé,8.2
2006-10-10,10.76706374145351,reconstitué,30.8
2006-10-14,7.77286406590458,observé,0.3
2006-10-15,10.031729174454355,reconstitué,16.9
2006-10-20,11.286087581550024,reconstitué,43.2
2006-10-26,8.006235459532906,reconstitué,0.8
2006-10-28,8.488642425175064,reconstitué,2.4
2007-03-25,14.70646518741747,reconstitué,0.5
2007-04-02,11.722909777067555,reconstitué,1.0
2007-04-03,11.430016930712805,reconstitué,0.5
2007-04-05,15.475119800438948,reconstitué,30.7
2007-04-12,14.924295598631458,reconstitué,22.7
2007-04-14,12.752819890749171,reconstitué,4.1
2007-04-18,12.606902684395287,reconstitué,3.5
2007-04-23,11.494919978836942,reconstitué,0.6
2007-04-24,13.976670050447206,reconstitué,12.1
2007-04-25,12.752819890749171,reconstitué,4.1
2007-05-01,9.720490844164159,reconstitué,6.2
2007-05-13,11.339584050063674,reconstitué,28.2
2007-05-14,8.584410162836145,reconstitué,0.9
2007-05-15,8.17149445577399,reconstitué,0.1
2007-05-19,9.680247075588188,reconstitué,5.9
2007-05-20,8.235668258497244,reconstitué,0.2
2007-05-21,10.43455165347595,reconstitué,13.4
2007-05-24,9.38591390179445,reconstitué,4.0
2007-05-25,8.402875409880107,reconstitué,0.5
2007-05-30,9.33124270359253,reconstitué,3.7
2007-06-05,7.4512204272689555,reconstitué,7.2
2007-06-06,6.468415122660445,observé,0.9
2007-06-08,7.496521865072564,reconstitué,7.7
2007-06-09,6.924411872024558,observé,2.9
2007-06-17,8.267725711508195,reconstitué,20.1
2007-06-20,7.718759135656824,reconstitué,10.5
2007-06-23,6.196666598962106,reconstitué,0.2
2007-06-24,6.2430574085379975,observé,0.3
2007-06-26,6.326958645816165,reconstitué,0.5
2007-07-01,5.409060946823973,observé,0.9
2007-07-03,6.651468435176973,observé,13.5
2007-07-08,6.702389537028965,reconstitué,14.5
2007-07-09,5.215669002090565,observé,0.3
2007-07-13,6.328516074364943,observé,8.2
2007-07-15,7.203614667938277,observé,26.8
2007-07-17,5.381015156602162,observé,0.8
2007-07-18,6.91183196286279,observé,19.1
2007-07-19,5.3515500228389765,reconstitué,0.7
2007-07-21,6.482050443548096,observé,10.5
2007-07-23,6.608942291300916,reconstitué,12.7
2007-07-24,6.936772143538545,reconstitué,19.7
2007-07-27,6.244464464215899,observé,7.1
2007-07-29,7.8871448535931545,observé,50.0
2007-07-30,6.177525210822127,observé,6.3
2007-07-31,5.532284856398626,observé,1.4
2007-08-07,5.282891656921995,reconstitué,0.8
2007-08-08,6.927626382899598,observé,22.6
2007-08-09,5.8382271523924745,observé,4.0
2007-08-11,6.336202310377695,observé,10.0
2007-08-12,5.120088098367495,observé,0.3
2007-08-13,7.150909218623961,observé,29.0
2007-08-14,5.386252431220608,observé,1.2
2007-08-17,6.986384514561902,observé,24.2
2007-08-18,5.223307288274009,reconstitué,0.6
2007-08-20,6.743915608736862,observé,18.0
2007-08-21,6.881992033570855,observé,21.4
2007-08-23,5.681227442343185,reconstitué,2.8
2007-08-24,5.551022648061364,observé,2.0
2007-08-26,5.386252431220608,observé,1.2
2007-08-29,5.76425506870688,reconstitué,3.4
2007-08-30,6.7942928913033525,reconstitué,19.2
2007-08-31,6.533808651878216,observé,13.5
2007-09-01,7.209922672723406,observé,8.5
2007-09-02,7.370987395042905,reconstitué,10.7
2007-09-03,7.4239802644858015,observé,11.5
2007-09-05,7.127172837017185,observé,7.5
2007-09-06,7.78005044931712,observé,17.9
2007-09-07,6.821214829547578,observé,4.5
2007-09-08,7.897115877763359,observé,20.4
2007-09-11,6.821214829547578,observé,4.5
2007-09-12,6.730489909981218,observé,3.8
2007-09-13,7.127172837017185,observé,7.5
2007-09-15,7.248814373501732,observé,9.0
2007-09-17,6.490633866683813,observé,2.3
2007-09-18,5.8983324485118755,observé,0.2
2007-09-19,7.735494063633999,reconstitué,17.0
2007-09-23,6.62792918476471,observé,3.1
2007-09-24,7.9105781172376455,observé,20.7
2007-09-25,6.344513869897063,observé,1.6
2007-09-26,7.869837739345733,observé,19.8
2007-09-27,7.9327642816043396,observé,21.2
2007-09-29,7.740515303393672,observé,17.1
2007-09-30,7.511117692014867,observé,12.9
2007-10-03,10.785197961197266,reconstitué,31.2
2007-10-05,8.851364771805354,observé,4.3
2007-10-06,7.874486089324541,observé,0.5
2007-10-09,8.851364771805354,reconstitué,4.3
2007-10-20,9.45173120148209,reconstitué,9.3
2007-10-23,8.488642425175064,reconstitué,2.4
2007-10-29,11.17944088032441,observé,40.5
2007-11-03,10.522902700586299,reconstitué,0.2
2007-11-06,11.00795298358173,reconstitué,1.0
2007-11-07,12.255485606094537,reconstitué,5.5
2007-11-17,13.523450800983614,reconstitué,16.2
2007-11-20,11.343251423682442,reconstitué,1.8
2007-12-02,13.88296224140745,reconstitué,0.3
2008-03-11,18.996544819844615,reconstitué,21.4
2008-03-12,17.41294492042452,reconstitué,8.8
2008-03-25,16.59758302257694,reconstitué,4.9
2008-04-01,11.998651443581569,reconstitué,1.6
2008-04-14,12.500252632849808,reconstitué,3.1
2008-04-17,14.840635983487424,reconstitué,21.6
2008-04-25,13.965571319699885,reconstitué,12.0
2008-04-26,13.874494791469779,reconstitué,11.2
2008-04-27,14.504588400443998,reconstitué,17.5
2008-04-29,12.581014384294589,reconstitué,3.4
2008-05-01,10.189008952322673,reconstitué,10.5
2008-05-12,11.11876672876049,reconstitué,24.0
2008-05-14,8.976753344351753,reconstitué,2.1
2008-05-15,8.80141975692044,reconstitué,1.5
2008-05-17,8.863590667135385,reconstitué,1.7
2008-05-19,8.80141975692044,reconstitué,1.5
2008-05-21,10.681789559456103,reconstitué,16.8
2008-05-26,8.350761991570216,reconstitué,0.4
2008-05-29,10.103674459753018,reconstitué,9.6
2008-05-31,8.699453736715526,reconstitué,1.2
2008-06-12,8.214682729739376,observé,19.0
2008-06-17,8.451798829670576,observé,24.2
2008-06-18,8.391100031306785,observé,22.8
2008-06-19,6.435733641620175,reconstitué,0.8
2008-06-25,6.585548956915755,reconstitué,1.3
2008-06-26,9.216880395041507,observé,45.5
2008-06-29,6.585548956915755,observé,1.3
2008-06-30,8.669619084028229,observé,29.6
2008-07-01,7.024577501817424,reconstitué,21.9
2008-07-05,7.111112433035069,reconstitué,24.2
2008-07-06,6.997220839291804,observé,21.2
2008-07-11,6.54749665599499,observé,11.6
2008-07-12,7.051436642143827,observé,22.6
2008-07-13,6.9034146833600705,observé,18.9
2008-07-15,7.005089595174208,reconstitué,21.4
2008-07-19,6.731868621659871,observé,15.1
2008-07-20,7.125684956622685,observé,24.6
2008-07-21,7.074084868652888,observé,23.2
2008-07-23,6.055017464087859,reconstitué,5.0
2008-07-24,5.785571978999265,reconstitué,2.8
2008-07-27,6.784043576386028,observé,16.2
2008-07-29,7.301320951969085,observé,29.7
2008-07-30,6.276000342980836,observé,7.5
2008-08-01,7.046502048607215,observé,25.9
2008-08-02,5.6510623544840595,reconstitué,2.6
2008-08-03,5.1909812219121365,observé,0.5
2008-08-05,6.826836884202075,observé,20.0
2008-08-06,6.528664528859969,observé,13.4
2008-08-07,6.641275311590817,observé,15.7
2008-08-09,5.120088098367495,reconstitué,0.3
2008-08-11,6.722323805002334,observé,17.5
2008-08-12,7.02905001770723,observé,25.4
2008-08-15,7.046502048607215,observé,25.9
2008-08-16,5.956523342349245,observé,5.1
2008-08-19,5.120088098367495,observé,0.3
2008-08-20,5.1909812219121365,reconstitué,0.5
2008-08-23,6.3299196816692325,reconstitué,9.9
2008-08-24,5.223307288274009,observé,0.6
2008-08-26,5.120088098367495,observé,0.3
2008-08-27,6.379037163108083,observé,10.7
2008-08-29,5.253879620663272,observé,0.7
2008-08-30,6.8025033979207326,observé,19.4
2008-08-31,5.995211947197239,observé,5.5
2008-09-01,8.022800393345586,observé,23.3
2008-09-02,7.161130222860662,observé,7.9
2008-09-03,6.320905218573884,observé,1.5
2008-09-07,7.364179024226716,reconstitué,10.6
2008-09-08,5.942800150691694,reconstitué,0.3
2008-09-09,6.545152287806003,observé,2.6
2008-09-11,7.63637021429771,observé,15.1
2008-09-14,7.486884369030263,observé,12.5
2008-09-15,8.068136380015112,observé,24.4
2008-09-19,7.329473569789968,reconstitué,10.1
2008-09-21,7.185832046129614,reconstitué,8.2
2008-09-26,7.750503744164776,observé,17.3
2008-09-29,8.068136380015112,observé,24.4
2008-09-30,7.901616106093139,reconstitué,20.5
2008-10-01,10.112779428937891,reconstitué,18.2
2008-10-02,9.586058764701416,observé,10.8
2008-10-05,9.62802936558549,reconstitué,11.3
2008-10-09,8.337240322089865,reconstitué,1.8
2008-10-12,8.898197170586789,observé,4.6
2008-10-13,8.006235459532906,observé,0.8
2008-10-14,8.928282963480353,observé,4.8
2008-10-17,11.036520693584517,observé,37.0
2008-10-18,8.555861028623154,reconstitué,2.7
2008-10-20,10.118865583158728,reconstitué,18.3
2008-12-02,13.971920558435137,reconstitué,0.4
2009-02-18,21.89076564624579,reconstitué,23.3
2009-03-19,16.318602663881027,reconstitué,3.9
2009-05-01,9.07791772164335,reconstitué,2.5
2009-05-03,10.77443734499501,reconstitué,18.2
2009-05-05,9.565582405987309,reconstitué,5.1
2009-05-14,8.402875409880107,reconstitué,0.5
2009-05-20,9.471247375113535,reconstitué,4.5
2009-05-26,10.269560747155502,reconstitué,11.4
2009-06-01,8.159763794717318,observé,17.9
2009-06-02,8.097450032138067,observé,16.7
2009-06-03,8.789063355224453,observé,32.8
2009-06-06,7.597563776274297,reconstitué,8.9
2009-06-09,8.985366203944283,reconstitué,38.4
2009-06-13,6.286350550504439,observé,0.4
2009-06-14,6.2430574085379975,observé,0.3
2009-06-15,9.201088966647356,observé,45.0
2009-06-19,7.92826915573777,reconstitué,13.7
2009-06-21,7.22114184224412,observé,5.0
2009-06-23,7.496521865072564,reconstitué,7.7
2009-06-24,6.146660746688025,reconstitué,0.1
2009-06-29,8.878479960017803,observé,35.3
2009-07-01,6.838496079793004,reconstitué,17.4
2009-07-02,5.485990175019192,reconstitué,1.2
2009-07-05,6.16875405296562,reconstitué,6.2
2009-07-06,5.215669002090565,observé,0.3
2009-07-07,5.175858477225356,observé,0.2
2009-07-08,6.104460158808097,observé,5.5
2009-07-09,7.085285248626728,observé,23.5
2009-07-11,5.175858477225356,observé,0.2
2009-07-13,6.16875405296562,observé,6.2
2009-07-15,6.002085832740932,observé,4.5
2009-07-18,7.009008016794166,reconstitué,21.5
2009-07-21,6.298901944048929,observé,7.8
2009-07-23,5.175858477225356,reconstitué,0.2
2009-07-24,5.7549357857717,observé,2.6
2009-07-26,5.175858477225356,observé,0.2
2009-07-27,5.132945683860397,observé,0.1
2009-07-29,6.811571080798924,reconstitué,16.8
2009-07-30,6.488184473182996,observé,10.6
2009-07-31,5.920862686744198,observé,3.8
2009-08-01,5.568830269263172,reconstitué,2.1
2009-08-03,7.529884889820364,observé,41.7
2009-08-05,5.080889756349057,observé,0.2
2009-08-07,6.360917401971381,reconstitué,10.4
2009-08-08,6.822811657258052,observé,19.9
2009-08-12,6.194047770650681,observé,7.9
2009-08-13,6.960954485411598,observé,23.5
2009-08-14,5.8944118733304816,observé,4.5
2009-08-15,5.409479488051546,observé,1.3
2009-08-18,7.979758815897868,observé,59.2
2009-08-19,6.148734989600513,observé,7.3
2009-08-20,6.6824824786169685,observé,16.6
2009-08-21,7.622177436582631,observé,45.1
2009-08-23,7.097798858483621,reconstitué,27.4
2009-08-24,5.966384462210101,observé,5.2
2009-08-26,6.881992033570855,observé,21.4
2009-08-27,5.513805860609447,reconstitué,1.8
2009-08-29,5.681227442343185,observé,2.8
2009-08-31,7.651430694267386,observé,46.2
2009-09-01,7.036456033329511,observé,6.5
2009-09-03,7.417493396977856,observé,11.4
2009-09-05,6.389444658922317,observé,1.8
2009-09-06,8.670274801736092,observé,41.5
2009-09-07,7.569631201580872,observé,13.9
2009-09-08,6.320905218573884,observé,1.5
2009-09-11,6.0232233048877974,observé,0.5
2009-09-12,7.997564893567461,observé,22.7
2009-09-13,5.942800150691694,observé,0.3
2009-09-14,8.15555258682424,observé,26.6
2009-09-15,7.109726128990298,observé,7.3
2009-09-17,8.485767821104307,observé,35.8
2009-09-18,6.059894904185256,reconstitué,0.6
2009-09-20,8.7963642546099,reconstitué,45.6
2009-09-24,7.652522784843563,observé,15.4
2009-09-26,6.977321499380277,observé,5.9
2009-09-29,6.62792918476471,reconstitué,3.1
2009-09-30,5.984298597495971,observé,0.4
2009-10-01,9.301751036609485,observé,7.8
2009-10-02,8.999942050587132,reconstitué,5.3
2009-10-06,10.693314321849268,reconstitué,29.2
2009-10-07,7.964648043423525,observé,0.7
2009-10-12,10.063340175614456,observé,17.4
2009-10-14,7.964648043423525,observé,0.7
2009-10-18,9.054012471445592,reconstitué,5.7
2009-10-21,11.227196640546476,reconstitué,41.7
2009-10-24,11.187441551179653,observé,40.7
2009-10-25,8.714730821733003,reconstitué,3.5
2009-10-26,7.874486089324541,observé,0.5
2009-10-29,10.04444186183179,observé,17.1
2009-10-31,8.61857225895556,observé,3.0
2009-11-07,10.666499660820008,reconstitué,0.4
2009-11-11,11.935661543409946,reconstitué,3.9
2009-11-13,12.948474385908586,reconstitué,10.4
2009-11-14,10.905683566364239,reconstitué,0.8
2009-12-13,13.684887340493411,reconstitué,0.1
2010-02-11,20.826858495351114,reconstitué,14.5
2010-02-23,17.573072479841784,reconstitué,1.5
2010-02-27,17.854067629662623,reconstitué,2.0
2010-03-10,15.525468470999366,reconstitué,1.8
2010-03-14,16.722723034103858,reconstitué,5.4
2010-03-15,16.288168890814127,reconstitué,3.8
2010-03-17,16.377947918087614,reconstitué,4.1
2010-03-18,14.427164102610718,reconstitué,0.2
2010-04-03,13.778970352590306,reconstitué,10.4
2010-04-14,14.730517890397902,reconstitué,20.2
2010-04-15,13.55814695526204,reconstitué,8.7
2010-04-22,11.494919978836942,reconstitué,0.6
2010-04-24,11.998651443581569,reconstitué,1.6
2010-04-26,15.338720319601526,reconstitué,28.6
2010-05-01,10.612648267919196,reconstitué,15.8
2010-05-03,11.374645407556748,reconstitué,28.9
2010-05-04,9.565582405987309,reconstitué,5.1
2010-05-05,9.07791772164335,reconstitué,2.5
2010-05-10,10.064004545645778,reconstitué,9.2
2010-05-14,9.797128540965288,reconstitué,6.8
2010-05-18,10.179776961393852,reconstitué,10.4
2010-05-19,8.624438659397011,reconstitué,1.0
2010-05-21,9.609933847304536,reconstitué,5.4
2010-05-23,11.672793771764768,reconstitué,35.2
2010-06-01,8.281891985128611,observé,20.4
2010-06-02,6.871459640285919,observé,2.6
2010-06-04,7.689700688399919,observé,10.1
2010-06-07,9.810994484416822,reconstitué,65.7
2010-06-11,6.2430574085379975,reconstitué,0.3
2010-06-15,7.872928753467267,reconstitué,12.8
2010-06-19,6.2430574085379975,reconstitué,0.3
2010-06-21,6.2430574085379975,observé,0.3
2010-06-23,6.889515840935553,observé,2.7
2010-06-24,8.438960653526035,observé,23.9
2010-06-25,8.426032453786846,observé,23.6
2010-06-26,7.460449767367322,observé,7.3
2010-06-29,7.22114184224412,observé,5.0
2010-06-30,8.164839528358456,observé,18.0
2010-07-02,6.276000342980836,observé,7.5
2010-07-03,6.847343892897582,reconstitué,17.6
2010-07-05,5.3515500228389765,observé,0.7
2010-07-06,6.321207011262874,reconstitué,8.1
2010-07-07,6.321207011262874,observé,8.1
2010-07-08,6.564623084886252,observé,11.9
2010-07-10,5.8698962951220395,observé,3.4
2010-07-13,6.002085832740932,reconstitué,4.5
2010-07-15,5.770430812297537,reconstitué,2.7
2010-07-16,8.04801421482588,observé,56.3
2010-07-17,5.8698962951220395,observé,3.4
2010-07-18,5.554174489640071,observé,1.5
2010-07-22,6.0342957780374125,observé,4.8
2010-07-23,5.653333702240314,observé,2.0
2010-07-26,6.76061346296048,observé,15.7
2010-07-27,6.886418018832193,observé,18.5
2010-07-29,5.4358278599370085,observé,1.0
2010-07-30,5.9683926044326405,observé,4.2
2010-07-31,7.154444267658451,observé,25.4
2010-08-01,6.148734989600513,observé,7.3
2010-08-04,6.579034961707994,reconstitué,14.4
2010-08-05,7.189757717032457,reconstitué,30.2
2010-08-06,7.332009715470515,observé,34.8
2010-08-07,5.568830269263172,observé,2.1
2010-08-08,5.76425506870688,observé,3.4
2010-08-10,5.976117020439949,observé,5.3
2010-08-11,6.798404494845476,observé,19.3
2010-08-12,6.569145465638816,observé,14.2
2010-08-13,6.194047770650681,observé,7.9
2010-08-15,6.752449896852834,reconstitué,18.2
2010-08-19,5.568830269263172,reconstitué,2.1
2010-08-22,5.080889756349057,observé,0.2
2010-08-23,6.336202310377695,observé,10.0
2010-08-25,8.190977568968806,observé,68.1
2010-08-27,5.120088098367495,observé,0.3
2010-08-28,6.3172245556051845,observé,9.7
2010-08-29,8.58667426423489,observé,85.6
2010-08-30,7.301898393484414,observé,33.8
2010-09-01,7.569631201580872,observé,13.9
2010-09-02,7.552372206872495,reconstitué,13.6
2010-09-04,6.059894904185256,observé,0.6
2010-09-05,7.846729496657132,reconstitué,19.3
2010-09-06,6.0232233048877974,observé,0.5
2010-09-07,7.1527535491325125,observé,7.8
2010-09-08,7.993322442613925,observé,22.6
2010-09-10,8.790322758419528,observé,45.4
2010-09-11,8.515729115038393,observé,36.7
2010-09-12,6.673561287926935,observé,3.4
2010-09-13,8.305184035511813,observé,30.6
2010-09-14,7.007380493147473,observé,6.2
2010-09-16,5.984298597495971,reconstitué,0.4
2010-09-17,7.652522784843563,observé,15.4
2010-09-18,7.883536859804641,observé,20.1
2010-09-19,6.094577018316226,observé,0.7
2010-09-22,8.390231835832914,observé,33.0
2010-09-23,8.257724373451655,observé,29.3
2010-09-24,8.36926239692268,observé,32.4
2010-09-25,6.059894904185256,observé,0.6
2010-09-26,7.370987395042905,observé,10.7
2010-09-27,6.389444658922317,observé,1.8
2010-09-28,7.271447091339011,observé,9.3
2010-09-30,7.630940856054745,observé,15.0
2010-10-01,10.631855576898978,observé,27.9
2010-10-02,11.110732817747706,reconstitué,38.8
2010-10-04,9.560248857107995,observé,10.5
2010-10-05,10.10667294507435,observé,18.1
2010-10-07,8.768182242197417,observé,3.8
2010-10-08,8.677407105784072,reconstitué,3.3
2010-10-10,9.57750949475273,observé,10.7
2010-10-11,9.38397293758459,observé,8.6
2010-10-12,8.337240322089865,observé,1.8
2010-10-16,9.280299035771971,reconstitué,7.6
2010-10-17,8.971855416591342,observé,5.1
2010-10-25,8.577231438989083,observé,2.8
2010-10-26,9.247381949235336,observé,7.3
2010-11-05,11.7675306261245,reconstitué,3.2
2011-02-13,19.683464415596216,reconstitué,7.8
2011-02-28,17.237704458332075,reconstitué,1.0
2011-03-02,15.619887135109046,reconstitué,2.0
2011-03-12,16.84017351856861,reconstitué,5.9
2011-03-13,14.52660995331658,reconstitué,0.3
2011-03-15,17.896268775473626,reconstitué,11.9
2011-03-20,15.708999292510493,reconstitué,2.2
2011-03-22,17.53107449351436,reconstitué,9.5
2011-04-02,14.460470840154569,reconstitué,17.0
2011-04-17,14.513318645526237,reconstitué,17.6
2011-04-19,13.383836534522198,reconstitué,7.5
2011-04-24,13.136558388595962,reconstitué,6.0
2011-04-25,11.430016930712805,reconstitué,0.5
2011-04-26,13.803300759395675,reconstitué,10.6
2011-04-28,11.822075047315424,reconstitué,1.2
2011-05-02,9.503591949878766,reconstitué,4.7
2011-05-06,11.622727301910995,reconstitué,34.1
2011-05-07,8.584410162836145,reconstitué,0.9
2011-05-09,10.161132283845747,reconstitué,10.2
2011-05-11,10.825440518732691,reconstitué,19.0
2011-05-17,8.94970709150345,reconstitué,2.0
2011-05-26,11.645577551700983,reconstitué,34.6
2011-05-27,11.11876672876049,reconstitué,24.0
2011-05-31,10.800104392669457,reconstitué,18.6
2011-06-02,6.499606340896463,reconstitué,1.0
2011-06-03,8.34644279223171,observé,21.8
2011-06-06,7.196995067115878,reconstitué,4.8
2011-06-11,6.585548956915755,observé,1.3
2011-06-14,7.209152188872503,observé,4.9
2011-06-15,7.289845840150854,observé,5.6
2011-06-17,7.172155616342167,observé,4.6
2011-06-22,6.499606340896463,observé,1.0
2011-06-23,7.704324868541287,reconstitué,10.3
2011-06-25,6.196666598962106,reconstitué,0.2
2011-06-27,7.2329693825666626,reconstitué,5.1
2011-06-30,8.309862373737808,reconstitué,21.0
2011-07-02,7.001160567676623,reconstitué,21.3
2011-07-06,7.066572630744299,reconstitué,23.0
2011-07-08,7.384858515401485,reconstitué,32.3
2011-07-13,6.350083649076862,observé,8.5
2011-07-14,6.581466277703816,observé,12.2
2011-07-15,5.5753105671629175,reconstitué,1.6
2011-07-17,6.944984965197126,observé,19.9
2011-07-20,7.125684956622685,observé,24.6
2011-07-29,6.475877044088131,observé,10.4
2011-07-30,6.592543899614008,reconstitué,12.4
2011-08-01,5.635438272968148,reconstitué,2.5
2011-08-05,6.912572574426187,reconstitué,22.2
2011-08-06,6.858620418354362,observé,20.8
2011-08-07,5.737707348194742,observé,3.2
2011-08-08,6.549094462969611,observé,13.8
2011-08-09,5.681227442343185,observé,2.8
2011-08-11,5.156669037595924,observé,0.4
2011-08-13,5.1909812219121365,observé,0.5
2011-08-15,6.291292245382717,reconstitué,9.3
2011-08-22,7.379358273527507,observé,36.4
2011-08-23,5.336861482729342,observé,1.0
2011-08-24,6.00458162927211,observé,5.6
2011-08-25,5.409479488051546,observé,1.3
2011-08-26,6.765145318962818,observé,18.5
2011-08-27,6.201368005182589,observé,8.0
2011-08-28,7.476940927683567,observé,39.8
2011-08-29,6.17169846743767,reconstitué,7.6
2011-08-31,5.336861482729342,reconstitué,1.0
2011-09-03,6.643444806757103,reconstitué,3.2
2011-09-07,7.704975623239999,reconstitué,16.4
2011-09-08,7.2639587555010205,observé,9.2
2011-09-09,7.017177732361369,observé,6.3
2011-09-11,7.1527535491325125,observé,7.8
2011-09-13,7.036456033329511,observé,6.5
2011-09-15,8.485767821104307,observé,35.8
2011-09-16,9.410643863695908,observé,67.5
2011-09-19,8.679670017786535,observé,41.8
2011-09-22,6.1887139776535705,reconstitué,1.0
2011-09-24,6.7574773011451645,observé,4.0
2011-09-25,6.579372412282611,reconstitué,2.8
2011-09-27,8.428204532506417,observé,34.1
2011-09-28,6.410870685366305,reconstitué,1.9
2011-10-01,9.432736618219973,reconstitué,9.1
2011-10-04,9.322828949941645,reconstitué,8.0
2011-10-05,10.697982906768761,observé,29.3
2011-10-06,11.328741145702839,observé,44.3
2011-10-08,10.998804332950037,reconstitué,36.1
2011-10-11,10.04444186183179,observé,17.1
2011-10-12,10.196226078884052,observé,19.6
2011-10-15,10.489066203727269,observé,25.0
2011-10-17,8.533991176582603,observé,2.6
2011-10-19,9.322828949941645,observé,8.0
2011-10-20,8.250634459861487,observé,1.5
2011-10-23,11.07794369119713,observé,38.0
2011-10-24,8.309311710576035,reconstitué,1.7
2012-02-20,17.95515896852754,reconstitué,2.2
2012-02-21,23.72213808626104,reconstitué,43.9
2012-02-23,17.237704458332075,reconstitué,1.0
2012-04-01,15.231288312312444,reconstitué,27.0
2012-04-07,14.522018571340883,reconstitué,17.7
2012-04-09,13.851053185479405,reconstitué,11.0
2012-04-12,11.614551210874755,reconstitué,0.8
2012-04-20,11.556301946507098,reconstitué,0.7
2012-04-26,15.39778148288286,reconstitué,29.5
2012-05-07,10.34598521131019,reconstitué,12.3
2012-05-09,10.965310565087666,reconstitué,21.3
2012-05-11,10.812812991264801,reconstitué,18.8
2012-05-14,10.695308373141643,reconstitué,17.0
2012-05-15,10.887416459143449,reconstitué,20.0
2012-05-17,8.624438659397011,reconstitué,1.0
2012-05-19,8.402875409880107,reconstitué,0.5
2012-05-25,10.295465772088482,reconstitué,11.7
2012-05-26,9.869247134180023,reconstitué,7.4
2012-05-31,10.569837252308103,reconstitué,15.2
2012-06-02,7.172155616342167,observé,4.6
2012-06-06,7.689700688399919,reconstitué,10.1
2012-06-08,7.531329880103423,reconstitué,8.1
2012-06-12,6.814583445459613,observé,2.3
2012-06-13,7.106693913979945,observé,4.1
2012-06-14,7.332891200773972,reconstitué,6.0
2012-06-17,7.834607420670933,observé,12.2
2012-06-18,7.278756923769706,reconstitué,5.5
2012-06-21,6.852968710489403,observé,2.5
2012-06-23,7.674879871167965,observé,9.9
2012-06-25,7.422992586986217,reconstitué,6.9
2012-06-26,7.589512940678663,observé,8.8
2012-06-29,7.441902551564582,reconstitué,7.1
2012-06-30,7.860288544803675,reconstitué,12.6
2012-07-02,5.532284856398626,reconstitué,1.4
2012-07-03,5.5753105671629175,observé,1.6
2012-07-05,5.320500224911354,reconstitué,0.6
2012-07-06,6.469663598930217,reconstitué,10.3
2012-07-07,5.485990175019192,reconstitué,1.2
2012-07-08,5.689007405394765,reconstitué,2.2
2012-07-11,6.564623084886252,reconstitué,11.9
2012-07-12,6.094824982847287,reconstitué,5.4
2012-07-13,5.2876693039482054,reconstitué,0.5
2012-07-14,6.746329506298176,reconstitué,15.4
2012-07-15,5.785571978999265,observé,2.8
2012-07-23,7.020700578046879,observé,21.8
2012-07-25,6.899185983088904,reconstitué,18.8
2012-07-26,5.7549357857717,reconstitué,2.6
2012-07-29,6.666992973491695,reconstitué,13.8
2012-07-30,5.829043318949681,reconstitué,3.1
2012-07-31,5.5753105671629175,observé,1.6
2012-08-01,6.420032269227679,observé,11.4
2012-08-11,5.223307288274009,reconstitué,0.6
2012-08-12,5.737707348194742,reconstitué,3.2
2012-08-14,7.405572053002,reconstitué,37.3
2012-08-15,5.751111564733817,observé,3.3
2012-08-19,6.641275311590817,observé,15.7
2012-08-20,6.677973883061109,reconstitué,16.5
2012-08-23,5.453388247536799,observé,1.5
2012-08-25,5.849825721603846,reconstitué,4.1
2012-08-26,7.839287121380079,reconstitué,53.5
2012-08-27,6.598553330250504,reconstitué,14.8
2012-08-29,7.332009715470515,observé,34.8
2012-08-30,5.494322421490173,observé,1.7
2012-08-31,8.482352371790071,observé,80.9
2012-09-01,6.93556526973463,observé,5.5
2012-09-03,7.127172837017185,reconstitué,7.5
2012-09-04,6.977321499380277,observé,5.9
2012-09-06,7.462136352205605,reconstitué,12.1
2012-09-07,8.996134385235205,observé,52.4
2012-09-09,7.9327642816043396,reconstitué,21.2
2012-09-12,6.527427890091527,observé,2.5
2012-09-14,6.96706898789754,observé,5.8
2012-09-15,7.91948964718816,observé,20.9
2012-09-17,6.880338592085158,observé,5.0
2012-09-18,8.479062863693041,observé,35.6
2012-09-19,6.217318160250564,observé,1.1
2012-09-20,7.730454547045841,observé,16.9
2012-09-21,6.158815775491867,reconstitué,0.9
2012-09-24,8.847304593506541,observé,47.3
2012-09-26,6.716642129287583,observé,3.7
2012-09-27,7.9105781172376455,reconstitué,20.7
2012-09-29,7.699822084172369,observé,16.3
2012-10-02,9.45173120148209,observé,9.3
2012-10-03,11.15936467224186,reconstitué,40.0
2012-10-05,9.269427463234779,observé,7.5
2012-10-06,8.928282963480353,observé,4.8
2012-10-07,8.638587369624943,observé,3.1
2012-10-11,9.586058764701416,observé,10.8
2012-10-12,9.684760546649933,observé,12.0
2012-10-15,10.943551702975816,observé,34.8
2012-10-17,9.080076569265632,reconstitué,5.9
2012-10-20,9.054012471445592,reconstitué,5.7
2012-10-25,9.878247675147236,reconstitué,14.6
2012-10-29,9.027313747546003,observé,5.5
2012-10-31,11.053149587849374,observé,37.4
2012-11-01,11.413774889461294,reconstitué,2.0
2012-11-03,11.101545716974126,reconstitué,1.2
2012-11-06,12.358897406469993,reconstitué,6.1
2012-11-07,11.145559525250198,reconstitué,1.3
2012-11-26,10.522902700586299,reconstitué,0.2
2013-03-13,14.619415476047092,reconstitué,0.4
2013-03-19,16.673656423088687,reconstitué,5.2
2013-03-23,18.17753822094472,reconstitué,14.0
2013-03-25,15.665064914277066,reconstitué,2.1
2013-03-29,18.338176481089732,reconstitué,15.3
2013-03-30,21.793865725695426,reconstitué,59.400000000000006
2013-03-31,16.862836666920305,reconstitué,6.0
2013-04-02,13.909139687851892,reconstitué,11.5
2013-04-07,12.986842102612842,reconstitué,5.2
2013-04-10,14.17700653401632,reconstitué,14.0
2013-04-14,11.998651443581569,reconstitué,1.6
2013-04-17,11.773534747759056,reconstitué,1.1
2013-04-20,12.443582596368621,reconstitué,2.9
2013-04-23,15.278689429707745,reconstitué,27.7
2013-04-24,13.665398417157,reconstitué,9.5
2013-04-26,11.287680410160599,reconstitué,0.3
2013-04-28,14.954143753353405,reconstitué,23.1
2013-04-29,15.278689429707745,reconstitué,27.7
2013-04-30,19.926633560018132,reconstitué,124.6
2013-05-03,8.768684973300688,reconstitué,1.4
2013-05-06,9.1696025774309,reconstitué,2.9
2013-05-08,9.147462409201355,reconstitué,2.8
2013-05-13,8.235668258497244,reconstitué,0.2
2013-05-16,11.379618207966848,reconstitué,29.0
2013-05-18,10.569837252308103,reconstitué,15.2
2013-05-19,8.235668258497244,reconstitué,0.2
2013-05-20,11.298954080347468,reconstitué,27.4
2013-05-22,11.091114556301557,reconstitué,23.5
2013-05-23,10.023143969684254,reconstitué,8.8
2013-05-25,11.304066564133024,reconstitué,27.5
2013-05-29,11.379618207966848,reconstitué,29.0
2013-05-30,16.240990483327995,reconstitué,168.8
2013-05-31,10.320934101796386,reconstitué,12.0
2013-06-02,6.957816413311111,reconstitué,3.1
2013-06-03,6.794633952856061,reconstitué,2.2
2013-06-06,8.498135720385463,reconstitué,25.3
2013-06-08,7.781527134152927,observé,11.4
2013-06-12,6.585548956915755,reconstitué,1.3
2013-06-16,7.860288544803675,reconstitué,12.6
2013-06-17,7.834607420670933,reconstitué,12.2
2013-06-21,8.650380088089745,reconstitué,29.1
2013-06-26,8.032291766020656,reconstitué,15.5
2013-06-27,7.209152188872503,reconstitué,4.9
2013-06-29,8.650380088089745,observé,29.1
2013-06-30,12.001443818603123,reconstitué,151.4
2013-07-02,5.461436278332945,observé,1.1
2013-07-04,5.689007405394765,observé,2.2
2013-07-05,6.916020805421417,reconstitué,19.2
2013-07-06,7.107448518728553,observé,24.1
2013-07-07,5.3515500228389765,observé,0.7
2013-07-08,5.722805705299706,observé,2.4
2013-07-09,7.020700578046879,observé,21.8
2013-07-12,6.79328887062035,reconstitué,16.4
2013-07-13,6.873524325079886,reconstitué,18.2
2013-07-16,5.461436278332945,reconstitué,1.1
2013-07-18,6.5532377398440875,observé,11.7
2013-07-19,6.736708971659307,observé,15.2
2013-07-21,7.603606560030883,observé,39.6
2013-07-23,6.371137120285338,observé,8.8
2013-07-26,5.595747955916812,reconstitué,1.7
2013-07-29,7.603606560030883,reconstitué,39.6
2013-07-30,11.741708208133588,reconstitué,224.5
2013-07-31,6.774726690737872,reconstitué,16.0
2013-08-05,6.067153447796333,reconstitué,6.3
2013-08-06,5.120088098367495,reconstitué,0.3
2013-08-13,5.695804830619016,reconstitué,2.9
2013-08-18,6.814725127542624,reconstitué,19.7
2013-08-20,5.568830269263172,observé,2.1
2013-08-21,6.885850200006778,reconstitué,21.5
2013-08-22,5.253879620663272,observé,0.7
2013-08-23,5.724030305584639,observé,3.1
2013-08-26,9.790535049637437,reconstitué,142.1
2013-08-27,5.6510623544840595,reconstitué,2.6
2013-08-28,6.179214440942258,observé,7.7
2013-08-29,9.790535049637437,observé,142.1
2013-08-30,14.511005437817627,observé,351.4
2013-08-31,6.45385718554574,reconstitué,12.0
2013-09-03,7.760421421280147,reconstitué,17.5
2013-09-04,7.694648781482234,reconstitué,16.2
2013-09-05,7.1776679427339225,observé,8.1
2013-09-06,7.789764667212424,observé,18.1
2013-09-07,6.471511370141,observé,2.2
2013-09-08,6.673561287926935,observé,3.4
2013-09-09,6.217318160250564,observé,1.1
2013-09-10,6.389444658922317,observé,1.8
2013-09-11,7.534864911514254,observé,13.3
2013-09-12,6.658650927177531,observé,3.3
2013-09-14,6.612089327640787,observé,3.0
2013-09-15,6.612089327640787,reconstitué,3.0
2013-09-16,5.8983324485118755,observé,0.2
2013-09-17,6.1887139776535705,observé,1.0
2013-09-18,7.963321224170203,observé,21.9
2013-09-19,6.716642129287583,reconstitué,3.7
2013-09-20,8.70768779552041,observé,42.7
2013-09-22,8.13211308696695,observé,26.0
2013-09-24,7.4683732672383885,observé,12.2
2013-09-26,6.244744459423832,observé,1.2
2013-09-29,8.70768779552041,reconstitué,42.7
2013-09-30,13.685148920476413,reconstitué,242.6
2013-10-01,8.61857225895556,observé,3.0
2013-10-03,10.292926635265541,observé,21.3
2013-10-05,9.98648530926347,observé,16.2
2013-10-06,9.291072837197522,reconstitué,7.7
2013-10-07,8.577231438989083,observé,2.8
2013-10-08,8.250634459861487,observé,1.5
2013-10-09,9.973335353678426,observé,16.0
2013-10-12,8.083598716051172,reconstitué,1.0
2013-10-25,8.511594776221918,reconstitué,2.5
2013-10-29,10.292926635265541,reconstitué,21.3
2013-10-30,13.030443235985897,reconstitué,94.8
2013-10-31,9.60299962912424,reconstitué,11.0
2013-11-18,11.660504765478654,reconstitué,2.8
2013-11-19,11.268199501487786,reconstitué,1.6
2013-11-24,14.036507586418876,reconstitué,22.8
2013-11-29,14.036507586418876,reconstitué,22.8
2013-11-30,15.581614655130231,reconstitué,50.0
2014-01-16,16.882570683272718,reconstitué,0.9
2014-01-28,22.162357156501102,reconstitué,29.7
2014-02-25,18.99235005326341,reconstitué,5.0
2014-03-16,19.369629638805886,reconstitué,25.4
2014-03-18,16.62328469258678,reconstitué,5.0
2014-03-20,14.52660995331658,reconstitué,0.3
2014-03-28,19.825879397747634,reconstitué,30.8
2014-03-30,21.922209726003377,reconstitué,61.5
2014-03-31,16.348522449488634,reconstitué,4.0
2014-04-04,13.55814695526204,reconstitué,8.7
2014-04-05,12.039053868701306,reconstitué,1.7
2014-04-06,14.487035648793398,reconstitué,17.3
2014-04-07,11.20897946801906,reconstitué,0.2
2014-04-11,13.729348330500121,reconstitué,10.0
2014-04-18,11.361126230403338,reconstitué,0.4
2014-04-19,13.28941331930291,reconstitué,6.9
2014-04-24,11.868709449732494,reconstitué,1.3
2014-04-27,12.681769223669326,reconstitué,3.8
2014-04-28,15.049196193883702,reconstitué,24.4
2014-04-30,17.767082945204443,reconstitué,74.9
2014-05-01,10.971186216979628,reconstitué,21.4
2014-05-06,8.833027637995876,reconstitué,1.6
2014-05-08,8.921867881480585,reconstitué,1.9
2014-05-09,8.17149445577399,reconstitué,0.1
2014-05-11,10.681789559456103,reconstitué,16.8
2014-05-12,10.11341617366762,reconstitué,9.7
2014-05-13,9.003055219395563,reconstitué,2.2
2014-05-24,8.17149445577399,reconstitué,0.1
2014-05-25,9.487538527939623,reconstitué,4.6
2014-05-26,10.252037876434372,reconstitué,11.2
2014-05-27,8.295202783487998,reconstitué,0.3
2014-05-30,13.141298788979537,reconstitué,73.30000000000001
2014-05-31,10.320934101796386,reconstitué,12.0
2014-06-01,8.092134089957458,reconstitué,16.6
2014-06-02,7.172155616342167,reconstitué,4.6
2014-06-04,6.326958645816165,observé,0.5
2014-06-09,7.03565942646459,reconstitué,3.6
2014-06-10,8.18497286093922,reconstitué,18.4
2014-06-14,6.2430574085379975,reconstitué,0.3
2014-06-15,6.924411872024558,reconstitué,2.9
2014-06-16,8.778117187185284,observé,32.5
2014-06-19,6.146660746688025,reconstitué,0.1
2014-06-20,6.612006721706904,reconstitué,1.4
2014-06-21,6.814583445459613,observé,2.3
2014-06-25,6.499606340896463,reconstitué,1.0
2014-06-26,8.355466447331004,reconstitué,22.0
2014-06-28,7.064812611456102,observé,3.8
2014-06-30,10.969818542318055,observé,110.0
2014-07-01,7.304600218767943,reconstitué,29.8
2014-07-11,5.381015156602162,reconstitué,0.8
2014-07-12,6.3571570494905085,reconstitué,8.6
2014-07-13,6.825106420237328,observé,17.1
2014-07-15,5.689007405394765,observé,2.2
2014-07-20,5.634717721630489,reconstitué,1.9
2014-07-29,6.5532377398440875,reconstitué,11.7
2014-07-30,7.791916867228446,observé,46.4
2014-07-31,6.055017464087859,observé,5.0
2014-08-03,7.459996923846894,reconstitué,39.2
2014-08-04,5.080889756349057,reconstitué,0.2
2014-08-06,6.897362959926602,observé,21.8
2014-08-14,6.475790223181411,reconstitué,12.4
2014-08-16,5.120088098367495,reconstitué,0.3
2014-08-17,5.802230890962497,observé,3.7
2014-08-20,6.075696011732553,reconstitué,6.4
2014-08-23,7.614150368563174,reconstitué,44.8
2014-08-24,6.0229825190700215,reconstitué,5.8
2014-08-27,5.619426351500294,reconstitué,2.4
2014-08-28,6.497262909685922,reconstitué,12.8
2014-08-29,7.215224459198325,observé,31.0
2014-08-30,10.588522011892351,observé,180.0
2014-08-31,6.45385718554574,observé,12.0
2014-09-01,6.5092635158222185,observé,2.4
2014-09-02,7.730454547045841,observé,16.9
2014-09-03,6.059894904185256,observé,0.6
2014-09-04,10.430143779557936,observé,108.2
2014-09-05,6.43166442984332,observé,2.0
2014-09-06,7.775168529866175,observé,17.8
2014-09-08,6.094577018316226,observé,0.7
2014-09-09,7.329473569789968,reconstitué,10.1
2014-09-13,6.094577018316226,reconstitué,0.7
2014-09-14,6.0232233048877974,reconstitué,0.5
2014-09-15,7.5639051812133005,observé,13.8
2014-09-16,6.059894904185256,observé,0.6
2014-09-18,6.612089327640787,observé,3.0
2014-09-19,6.868845963690813,reconstitué,4.9
2014-09-21,7.064622946625162,observé,6.8
2014-09-23,7.209922672723406,observé,8.5
2014-09-24,6.244744459423832,reconstitué,1.2
2014-09-25,5.984298597495971,observé,0.4
2014-09-27,6.96706898789754,observé,5.8
2014-09-28,6.158815775491867,reconstitué,0.9
2014-09-30,13.133169453992105,observé,220.5
2014-10-02,8.928282963480353,reconstitué,4.8
2014-10-04,8.714730821733003,observé,3.5
2014-10-06,7.920824014762859,observé,0.6
2014-10-07,9.080076569265632,reconstitué,5.9
2014-10-08,8.04581959844926,observé,0.9
2014-10-10,10.679259135380423,observé,28.9
2014-10-12,9.684760546649933,observé,12.0
2014-10-13,9.09288172894908,reconstitué,6.0
2014-10-14,9.644470840318526,observé,11.5
2014-10-15,10.641406078423728,observé,28.1
2014-10-16,8.04581959844926,observé,0.9
2014-10-25,8.785377969721408,reconstitué,3.9
2014-10-27,9.611392927845241,observé,11.1
2014-10-29,9.09288172894908,observé,6.0
2014-10-30,15.745490020639922,reconstitué,184.4
2014-10-31,9.905984508784512,observé,15.0
2014-11-01,10.792774944449205,reconstitué,0.6
2014-11-02,13.01650656435065,reconstitué,11.0
2014-11-03,12.971437559122066,reconstitué,10.6
2014-11-09,10.850707586803663,reconstitué,0.7
2014-11-13,10.731519086786001,reconstitué,0.5
2014-11-30,14.234427724898602,reconstitué,25.7
